,ExoRNeasy1_1,ExoRNeasy2_2,ExoRNeasy3_3,ExoRNeasy1_145,Nor1,Nor2,Nor3
hsa-miR-122-5p,2160,3274,3310,1986,95981,85210,358012
hsa-miR-486-5p,27142,39637,49572,26038,44072,40849,163263
hsa-miR-92a-3p,31034,46010,56577,18258,44786,30294,71414
hsa-miR-21-5p,143470,266112,277497,82365,88485,83749,145037
hsa-miR-423-5p,32979,51863,65891,28585,30736,33077,103540
hsa-let-7b-5p,60058,78710,112326,46062,41143,49977,55042
hsa-let-7a-5p,63022,86220,91686,28739,32481,28716,51219
hsa-let-7f-5p,56628,89979,96099,27029,33689,26917,43979
hsa-miR-148a-3p,31934,53655,52043,17563,48750,40997,109014
hsa-miR-30d-5p,49184,79308,95022,32961,35270,31310,87133
hsa-let-7i-5p,35017,66467,69699,27747,27785,24625,65559
hsa-miR-151a-3p,35542,58062,67875,21646,24351,22336,62845
hsa-miR-320a,6682,10325,11397,4208,7210,6942,57398
hsa-miR-26a-5p,66232,107157,113808,38074,30824,28193,45719
hsa-miR-423-3p,13614,21364,24243,11728,6242,6193,19321
hsa-miR-10b-5p,6021,8765,10686,4298,10619,10044,27918
hsa-let-7g-5p,12166,22561,22062,8735,9592,8361,26967
hsa-miR-10a-5p,5404,9206,9526,3880,8545,6882,21285
hsa-miR-451a,5336,7344,10090,6281,15979,12202,64460
hsa-miR-143-3p,7434,16386,17174,4291,11975,9599,27644
hsa-miR-128-3p,7432,10967,12799,5081,7139,5457,16131
hsa-miR-126-3p,21640,33442,36942,12141,9305,9456,21240
hsa-let-7d-3p,3134,4074,5728,1956,4081,4589,10263
hsa-miR-146a-5p,8604,14939,15316,5438,6776,6258,20663
hsa-miR-25-3p,3757,6526,6990,2582,4762,3970,12872
hsa-miR-22-3p,5035,8549,10336,4211,8180,6835,30945
hsa-miR-101-3p,6707,12113,12615,3535,8520,9269,30846
hsa-miR-27b-3p,2179,4032,4376,1151,5465,4051,11751
hsa-miR-146b-5p,8910,13249,17124,6475,4768,5217,12264
hsa-miR-99a-5p,1455,2160,2541,997,4094,3337,14632
hsa-miR-222-3p,9072,12370,15070,4868,3879,3863,7196
hsa-miR-24-3p,5222,8153,8712,2942,6042,4902,17171
hsa-miR-375,35,50,127,35,2164,1589,10228
hsa-miR-192-5p,993,1436,1504,687,4082,3393,14431
hsa-miR-584-5p,4234,6169,6883,1775,2955,2083,5913
hsa-miR-148b-3p,6698,10893,10147,3752,5170,4847,10822
hsa-miR-409-3p,3136,4687,4746,2278,1969,1286,4751
hsa-miR-1307-3p,3191,5436,5558,2568,1661,1278,5059
hsa-miR-99b-5p,4710,7812,8902,3722,3527,2567,5979
hsa-miR-30e-5p,3966,6433,6378,2889,3012,2711,7824
hsa-miR-27a-3p,1318,2246,1916,693,2651,2210,6474
hsa-miR-191-5p,6261,9303,11477,3819,4124,2972,5167
hsa-miR-140-3p,2969,5452,6193,2009,3276,3232,10016
hsa-miR-221-3p,2990,4870,4872,1943,1894,1320,4642
hsa-miR-378a-3p,693,1315,1689,778,1924,1295,8686
hsa-miR-127-3p,2579,4627,5107,2158,2398,1553,5428
hsa-miR-16-2-3p,1045,1556,1883,753,1978,1617,3516
hsa-miR-125a-5p,1480,2189,2592,1375,1611,1379,3259
hsa-miR-28-3p,2328,3481,4266,1311,1470,1182,4134
hsa-miR-625-3p,1301,1981,2381,705,843,734,1253
hsa-miR-532-5p,940,2127,2293,663,1524,1026,5857
hsa-miR-30a-5p,1421,2522,2881,1430,2131,1677,6641
hsa-miR-744-5p,2523,4822,6030,2094,1311,1419,5580
hsa-miR-223-5p,1392,1868,2120,829,1899,2184,3456
hsa-let-7d-5p,2931,4118,4651,1436,1254,1224,2483
hsa-miR-328-3p,1003,1130,1391,700,304,277,1004
hsa-miR-181a-5p,1696,2716,3316,1344,1342,1146,5009
hsa-miR-185-5p,1370,2682,3157,893,1155,956,8237
hsa-miR-484,786,1522,1812,714,637,476,1352
hsa-let-7c-5p,2079,2822,3254,959,1344,1036,2193
hsa-miR-100-5p,427,1004,927,381,1649,1782,4279
hsa-miR-26b-5p,2125,4053,3370,1607,1241,1457,2962
hsa-let-7e-5p,3230,4073,4524,1538,980,1343,1973
hsa-miR-320b,188,340,440,194,625,542,3165
hsa-miR-224-5p,1675,2667,2848,1145,1026,908,1712
hsa-miR-134-5p,885,1415,1570,754,552,389,1945
hsa-miR-20a-5p,1308,1312,1579,593,577,986,1537
hsa-miR-92b-3p,202,345,427,142,513,356,832
hsa-miR-199a-3p|hsa-miR-199b-3p,1034,1529,1616,439,985,956,2572
hsa-miR-432-5p,1240,1758,2322,968,871,869,1613
hsa-miR-629-5p,155,644,727,474,682,575,1996
hsa-miR-126-5p,1163,1813,1606,444,686,475,1272
hsa-miR-486-3p,573,1657,1840,337,445,528,1608
hsa-miR-3615,311,659,621,232,316,320,1383
hsa-miR-30e-3p,1626,2576,2869,791,945,594,1759
hsa-miR-543,738,1488,1708,514,432,654,1790
hsa-miR-150-5p,622,994,1266,888,298,97,591
hsa-miR-103a-3p,1952,3187,2964,1110,891,797,1682
hsa-miR-125b-5p,70,168,201,115,586,291,916
hsa-miR-340-5p,1084,2728,2840,735,1023,1515,1872
hsa-miR-106b-3p,660,982,1183,429,508,592,1149
hsa-miR-183-5p,374,753,742,323,478,231,918
hsa-miR-7-5p,590,975,1159,560,559,341,797
hsa-miR-4433b-5p,416,391,306,116,223,318,485
hsa-miR-574-5p,727,1105,1732,758,614,456,918
hsa-miR-193a-5p,16,68,2,18,106,103,459
hsa-miR-361-3p,806,1115,1850,740,308,295,1167
hsa-miR-382-5p,776,781,996,438,388,397,1435
hsa-miR-152-3p,864,1339,1652,608,327,437,1215
hsa-miR-93-5p,659,1005,1161,413,273,355,812
hsa-miR-16-5p,386,951,814,225,496,390,1190
hsa-miR-379-5p,677,1272,1461,352,451,397,894
hsa-miR-186-5p,614,821,1035,438,491,499,1974
hsa-miR-1-3p,371,505,492,138,210,247,905
hsa-miR-199a-5p,1452,2403,2670,1100,1000,592,1984
hsa-miR-320c,96,219,187,85,307,270,1203
hsa-miR-130b-5p,1170,1671,1881,600,593,495,938
hsa-miR-2110,280,366,400,188,225,199,871
hsa-miR-342-5p,392,565,517,422,211,226,892
hsa-miR-181b-5p,234,352,421,224,232,288,680
hsa-miR-363-3p,262,487,494,191,230,225,973
hsa-miR-335-3p,879,1642,1649,419,422,325,485
hsa-miR-29a-3p,240,367,339,111,317,397,1104
hsa-miR-4446-3p,388,623,681,291,190,225,470
hsa-miR-150-3p,96,117,212,74,63,46,387
hsa-miR-182-5p,888,1741,1482,369,545,430,1112
hsa-miR-485-5p,320,487,469,300,295,178,588
hsa-miR-4433b-3p,522,1310,1585,856,190,168,650
hsa-miR-215-5p,3,26,24,26,322,366,1489
hsa-miR-139-3p,298,571,727,275,306,232,756
hsa-miR-223-3p,307,496,629,146,256,159,248
hsa-miR-17-5p,504,737,944,408,296,211,455
hsa-miR-1301-3p,380,782,811,209,211,133,412
hsa-miR-30c-5p,2078,3377,3625,840,1034,534,466
hsa-miR-330-3p,227,615,806,256,171,100,679
hsa-miR-1246,231,177,110,34,333,207,697
hsa-miR-1273h-3p,242,160,175,173,95,139,278
hsa-miR-320d,37,32,42,15,93,82,516
hsa-miR-98-5p,1047,1413,1427,687,692,568,804
hsa-miR-654-3p,288,443,651,174,250,150,397
hsa-miR-144-3p,375,735,1050,209,478,468,1206
hsa-miR-142-5p,501,763,977,296,403,395,765
hsa-miR-323b-3p,169,522,493,123,255,123,439
hsa-miR-140-5p,306,459,408,103,143,279,322
hsa-miR-425-5p,417,494,771,229,128,222,417
hsa-miR-654-5p,186,355,465,207,150,152,337
hsa-miR-483-5p,30,24,40,30,57,25,298
hsa-miR-941,157,267,447,161,127,206,728
hsa-miR-6852-5p,152,239,398,92,70,183,298
hsa-miR-671-3p,310,326,710,319,210,118,530
hsa-miR-6842-3p,172,158,270,84,81,50,137
hsa-miR-433-3p,185,220,335,148,28,118,260
hsa-miR-424-3p,95,83,155,27,125,92,148
hsa-miR-139-5p,417,661,566,307,303,199,332
hsa-miR-501-3p,48,118,109,63,122,99,578
hsa-miR-181a-2-3p,264,608,716,308,205,199,632
hsa-miR-144-5p,198,418,359,96,117,73,160
hsa-miR-155-5p,386,503,821,321,209,123,269
hsa-miR-142-3p,600,845,730,308,188,286,590
hsa-miR-197-3p,91,155,228,18,171,135,91
hsa-miR-30a-3p,66,228,350,132,165,82,467
hsa-miR-19b-3p,196,260,299,68,140,296,404
hsa-miR-760,5,133,155,37,32,57,135
hsa-miR-493-3p,146,387,365,165,93,43,253
hsa-miR-769-5p,137,216,201,106,145,111,453
hsa-miR-370-3p,746,1147,1424,540,129,218,758
hsa-miR-22-5p,49,98,96,11,35,76,239
hsa-miR-107,57,183,165,51,33,60,262
hsa-miR-4732-5p,0,30,0,0,6,41,231
hsa-miR-1180-3p,0,12,29,35,42,16,270
hsa-miR-23a-3p,180,473,202,71,133,84,345
hsa-miR-889-3p,134,213,204,42,69,85,97
hsa-miR-338-5p,81,93,121,38,66,157,334
hsa-miR-340-3p,253,368,429,144,179,119,107
hsa-miR-450b-5p,0,21,15,0,38,0,199
hsa-let-7b-3p,15,24,90,61,96,67,45
hsa-let-7a-3p,98,207,331,90,164,227,429
hsa-miR-7706,38,22,41,25,2,8,98
hsa-miR-345-5p,32,58,18,36,36,17,178
hsa-miR-493-5p,279,555,637,177,190,273,268
hsa-miR-381-3p,144,290,368,227,163,123,486
hsa-miR-1224-5p,8,22,0,6,12,7,56
hsa-miR-95-3p,27,62,38,73,94,62,237
hsa-miR-664a-5p,147,164,81,51,79,86,652
hsa-miR-194-5p,7,98,57,19,80,89,261
hsa-miR-200a-3p,5,0,14,2,171,186,620
hsa-miR-4732-3p,8,19,0,6,58,0,111
hsa-miR-511-5p,0,0,0,20,69,51,134
hsa-miR-485-3p,148,128,161,121,200,189,253
hsa-miR-1908-5p,84,216,110,67,56,41,118
hsa-miR-193b-5p,0,10,19,0,25,16,67
hsa-miR-326,58,45,98,46,12,0,49
hsa-miR-145-3p,50,139,71,30,272,98,410
hsa-miR-206,14,89,1,0,12,138,117
hsa-miR-181d-5p,141,83,145,55,112,108,183
hsa-miR-4326,82,86,73,34,14,36,92
hsa-miR-323a-3p,143,305,150,14,141,89,170
hsa-miR-27a-5p,65,61,82,14,19,56,30
hsa-miR-942-5p,85,82,141,70,50,110,103
hsa-miR-361-5p,86,34,181,33,20,10,19
hsa-miR-500a-3p,10,55,68,17,4,23,129
hsa-miR-628-3p,95,89,118,55,20,68,140
hsa-miR-3605-3p,1,49,45,13,20,54,138
hsa-miR-4443,74,236,239,28,341,180,118
hsa-miR-339-3p,39,103,258,39,22,79,154
hsa-miR-369-5p,13,8,87,12,0,0,23
hsa-miR-92b-5p,32,11,24,18,0,18,58
hsa-miR-106b-5p,29,62,49,42,17,25,138
hsa-miR-335-5p,61,106,148,35,18,11,29
hsa-miR-425-3p,69,98,192,106,52,43,172
hsa-miR-6741-5p,9,14,46,17,30,0,42
hsa-miR-99b-3p,53,84,171,74,40,21,198
hsa-miR-1468-5p,38,41,31,9,56,0,108
hsa-miR-615-3p,20,0,0,0,21,78,77
hsa-miR-877-5p,83,99,182,126,29,80,145
hsa-miR-7110-3p,0,9,22,0,1,19,0
hsa-miR-195-3p,14,25,0,11,13,8,108
hsa-miR-30d-3p,0,28,30,0,0,8,6
hsa-miR-302b-3p,1,3,12,29,69,25,57
hsa-miR-20b-5p,49,30,43,20,14,49,40
hsa-miR-374b-5p,158,128,199,9,0,54,2
hsa-miR-421,12,94,55,34,80,80,101
hsa-miR-576-3p,16,46,130,62,91,51,269
hsa-miR-125b-2-3p,0,13,0,1,29,20,52
hsa-miR-185-3p,32,157,114,102,48,35,200
hsa-miR-24-2-5p,74,64,133,37,12,29,216
hsa-miR-548e-3p,0,121,37,17,33,60,45
hsa-miR-302a-5p,1,13,13,42,111,59,100
hsa-miR-411-5p,139,352,181,105,92,74,70
hsa-miR-3182,118,272,355,26,109,98,63
hsa-miR-454-5p,48,80,154,20,10,12,8
hsa-miR-23b-5p,0,71,43,16,31,0,106
hsa-miR-652-3p,111,134,235,51,42,41,106
hsa-miR-885-5p,0,0,0,0,3,0,35
hsa-miR-6852-3p,46,1,25,11,17,25,43
hsa-miR-181a-3p,75,134,139,32,64,41,137
hsa-miR-4429,12,19,22,4,12,15,105
hsa-miR-15b-3p,24,86,75,21,47,50,113
hsa-miR-125b-1-3p,0,0,0,0,1,0,58
hsa-miR-450a-5p,31,37,27,19,36,26,63
hsa-miR-3691-5p,17,10,0,0,0,0,13
hsa-miR-6747-3p,16,17,69,13,26,1,49
hsa-miR-1273h-5p,34,50,78,9,12,0,42
hsa-miR-2116-3p,0,0,24,0,18,11,0
hsa-miR-146b-3p,56,65,78,22,0,48,39
hsa-miR-339-5p,330,415,480,148,25,67,44
hsa-miR-15a-5p,0,15,17,17,34,0,70
hsa-miR-1271-5p,0,0,43,3,4,0,0
hsa-miR-30b-3p,0,65,54,9,0,14,17
hsa-miR-502-3p,1,29,50,0,2,0,66
hsa-miR-30b-5p,1,47,134,33,21,17,0
hsa-miR-1307-5p,28,119,108,3,29,0,98
hsa-miR-411-3p,117,79,48,33,19,71,47
hsa-mir-320b-2,1,8,10,3,11,10,85
hsa-mir-320b-1,1,8,10,3,2,10,37
hsa-miR-3120-3p,57,0,0,22,0,0,81
hsa-miR-6726-3p,0,0,0,0,0,0,0
hsa-miR-143-5p,13,32,0,22,3,0,25
hsa-miR-221-5p,158,330,196,75,28,83,73
hsa-miR-499a-5p,5,0,17,9,65,6,63
hsa-miR-23a-5p,0,16,0,8,1,0,51
hsa-mir-320a,1,9,10,2,14,4,80
hsa-miR-125a-3p,14,56,59,0,14,59,137
hsa-miR-496,0,0,0,0,4,0,0
hsa-miR-215-3p,0,0,0,0,0,0,0
hsa-miR-34c-5p,0,0,0,7,0,0,0
hsa-miR-516b-5p,1,282,8,42,297,352,117
hsa-miR-25-5p,33,29,51,15,8,28,43
hsa-miR-6721-5p,48,35,43,10,23,0,0
hsa-miR-548av-3p|hsa-miR-548o-3p,36,36,20,6,63,0,31
hsa-miR-23b-3p,68,206,378,86,98,56,41
hsa-miR-136-3p,61,123,131,49,43,74,50
hsa-miR-939-5p,0,0,0,16,0,0,0
hsa-miR-6804-5p,0,0,0,0,0,0,0
hsa-miR-3679-5p,0,44,52,0,0,22,16
hsa-miR-1255a,0,26,23,11,0,0,39
hsa-miR-6516-3p,0,0,0,0,0,0,0
hsa-miR-19a-3p,132,110,145,56,77,44,153
hsa-miR-93-3p,0,0,0,0,0,0,0
hsa-miR-5193,0,0,0,0,0,19,0
hsa-miR-503-5p,16,61,21,27,50,60,116
hsa-miR-2115-3p,0,0,0,0,7,16,0
hsa-miR-505-3p,85,125,79,29,60,33,60
hsa-miR-4747-5p,0,0,0,0,0,0,0
hsa-miR-3173-5p,45,0,0,27,4,16,45
hsa-miR-625-5p,14,0,23,0,0,0,4
hsa-miR-32-5p,43,125,138,11,60,67,173
hsa-miR-4746-5p,25,74,17,16,0,0,15
hsa-miR-147b,0,0,0,0,0,0,7
hsa-miR-106a-5p,15,30,16,13,27,31,27
hsa-miR-1226-3p,8,0,0,0,8,0,0
hsa-miR-6716-3p,7,36,19,0,0,19,0
hsa-miR-1306-5p,0,0,0,1,0,0,0
hsa-miR-542-3p,0,0,28,4,22,26,7
hsa-miR-10a-3p,0,14,29,11,11,21,61
hsa-miR-4773,0,0,0,0,0,0,0
hsa-miR-323a-5p,0,9,18,0,2,0,34
hsa-miR-214-5p,0,0,17,0,0,0,0
hsa-miR-191-3p,27,49,45,6,1,20,132
hsa-miR-589-5p,91,22,156,34,38,2,81
hsa-miR-766-5p,33,135,68,58,26,79,46
hsa-miR-6509-5p,0,13,0,0,0,0,0
hsa-miR-130a-3p,61,55,17,15,0,23,32
hsa-miR-412-5p,6,0,26,0,19,0,25
hsa-miR-6505-5p,0,0,0,0,0,0,0
hsa-miR-4662a-5p,0,12,4,16,15,0,0
hsa-miR-1254,0,0,16,18,0,0,0
hsa-miR-1228-5p,8,0,0,0,0,0,0
hsa-miR-200b-5p,0,0,0,0,28,0,23
hsa-miR-581,0,22,0,0,0,0,0
hsa-miR-6837-3p,28,24,0,0,0,9,44
hsa-miR-371b-5p,0,0,0,0,0,0,0
hsa-miR-181c-3p,0,15,30,0,0,19,69
hsa-miR-26b-3p,59,0,73,31,23,33,53
hsa-miR-1538,0,1,0,0,0,0,0
hsa-miR-129-5p,0,10,0,9,0,18,111
hsa-miR-3190-3p,0,14,12,0,0,0,0
hsa-miR-374a-5p,55,69,77,26,44,38,40
hsa-miR-199b-5p,26,42,0,6,15,0,29
hsa-miR-204-5p,18,18,32,15,0,0,24
hsa-miR-6865-5p,0,0,0,0,0,0,0
hsa-miR-377-3p,17,21,0,9,0,0,27
hsa-miR-1285-3p,7,26,36,0,24,18,106
hsa-miR-3161,0,13,0,0,6,0,0
hsa-miR-6750-3p,0,0,0,0,0,0,0
hsa-miR-3120-5p,0,20,22,0,7,0,17
hsa-miR-7976,0,13,0,12,9,0,31
hsa-miR-3146,0,0,0,0,23,0,20
hsa-miR-9-5p,29,37,42,1,19,0,67
hsa-mir-378c,2,4,2,1,14,4,92
hsa-miR-29c-5p,20,1,0,0,0,0,0
hsa-miR-708-3p,0,10,0,0,12,58,83
hsa-miR-5010-5p,41,40,37,0,13,0,2
hsa-miR-3158-3p,44,109,63,72,14,44,200
hsa-miR-577,0,0,0,8,0,0,0
hsa-miR-3151-5p,0,0,27,0,0,0,0
hsa-miR-330-5p,5,12,17,5,9,19,97
hsa-miR-320e,4,18,31,1,24,10,58
hsa-miR-4690-5p,0,0,0,0,0,0,0
hsa-miR-4449,0,0,0,0,0,0,0
hsa-miR-378d,2,7,12,0,9,12,57
hsa-miR-10b-3p,0,48,9,0,0,0,116
hsa-miR-17-3p,10,8,0,36,10,0,0
hsa-miR-200c-3p,83,109,178,51,74,54,121
hsa-miR-6763-5p,10,0,15,0,0,0,0
hsa-miR-1255b-5p,0,0,0,0,0,0,0
hsa-miR-302a-3p,0,0,0,2,9,7,5
hsa-miR-1299,18,14,65,3,11,0,48
hsa-miR-628-5p,5,5,0,0,0,22,8
hsa-miR-3614-5p,0,31,58,0,1,0,23
hsa-miR-5187-5p,12,46,52,0,26,0,0
hsa-miR-296-3p,0,0,24,0,0,0,12
hsa-miR-4665-5p,14,68,53,8,0,18,51
hsa-miR-3140-3p,0,0,0,0,0,0,0
hsa-miR-6818-3p,0,0,0,11,16,0,0
hsa-miR-3605-5p,0,0,13,0,4,25,24
hsa-miR-33a-5p,0,6,11,0,1,0,16
hsa-mir-320c-2,0,1,1,1,5,1,21
hsa-mir-320e,1,1,1,1,0,1,19
hsa-mir-320c-1,1,1,1,1,0,1,21
hsa-miR-4489,0,0,0,0,0,0,0
hsa-miR-148a-5p,73,82,86,13,136,0,93
hsa-miR-200b-3p,39,38,1,62,57,97,95
hsa-miR-518e-5p|hsa-miR-519a-5p|hsa-miR-519b-5p|hsa-miR-519c-5p|hsa-miR-522-5p|hsa-miR-523-5p,0,7,0,27,80,8,10
hsa-miR-337-3p,31,48,1,0,0,0,0
hsa-miR-6842-5p,0,17,29,20,0,18,21
hsa-miR-204-3p,0,0,0,0,0,0,21
hsa-miR-1976,14,37,21,26,44,46,44
hsa-miR-3187-3p,0,1,22,0,0,0,16
hsa-miR-32-3p,0,15,28,0,0,0,0
hsa-miR-4473,12,0,0,0,13,0,0
hsa-miR-15b-5p,26,63,114,9,1,1,123
hsa-miR-4451,0,0,0,0,0,0,0
hsa-miR-6891-5p,0,0,0,0,0,0,0
hsa-miR-372-3p,0,0,1,7,11,2,5
hsa-miR-544b,0,0,0,0,0,0,0
hsa-miR-3174,17,0,0,0,0,0,0
hsa-miR-28-5p,109,305,392,142,93,92,97
hsa-miR-548ap-5p|hsa-miR-548j-5p,22,16,49,41,19,18,0
hsa-miR-184,0,0,0,40,49,35,44
hsa-miR-302d-3p,0,1,1,4,13,6,15
hsa-miR-378g,3,17,4,2,25,9,59
hsa-miR-483-3p,1,10,2,0,42,0,37
hsa-miR-6503-3p,0,0,0,16,0,0,42
hsa-miR-3074-5p,32,37,24,0,13,2,0
hsa-miR-550a-3-5p|hsa-miR-550a-5p,5,21,16,22,37,48,73
hsa-miR-342-3p,49,47,134,24,0,0,60
hsa-miR-517a-3p|hsa-miR-517b-3p,0,0,0,18,4,4,5
hsa-miR-495-3p,87,148,22,98,63,68,23
hsa-miR-378e,0,9,1,0,10,8,43
hsa-miR-548am-3p,0,9,0,0,1,0,6
hsa-miR-1827,7,25,10,0,9,1,8
hsa-miR-130b-3p,0,9,21,19,0,14,15
hsa-miR-550a-3-5p,1,2,0,2,7,3,13
hsa-miR-329-3p,0,37,26,0,0,0,0
hsa-miR-218-5p,0,0,0,0,0,25,38
hsa-miR-378i,0,0,3,0,0,2,9
hsa-miR-378c,2,6,8,7,24,3,56
hsa-let-7i,0,0,0,0,2,0,3
hsa-miR-548ah-3p|hsa-miR-548av-3p|hsa-miR-548p,0,0,0,0,0,0,0
hsa-miR-1908-3p,0,0,0,0,0,0,0
hsa-miR-4500,0,0,0,2,4,0,4
hsa-miR-6793-5p,0,1,0,0,0,23,0
hsa-miR-301a-5p,25,36,0,0,0,0,0
hsa-miR-3064-5p,0,1,34,0,11,33,0
hsa-miR-4288,0,1,0,0,0,1,0
hsa-miR-4710,0,0,2,0,3,1,0
hsa-miR-4791,0,0,0,0,0,0,2
hsa-miR-525-5p,0,0,0,0,0,0,2
hsa-miR-4466,9,1,1,31,5,20,0
hsa-miR-324-3p,0,0,21,5,0,4,23
hsa-miR-1294,1,0,0,12,0,9,126
hsa-miR-374a-3p,118,150,195,70,84,0,87
hsa-miR-3168,1,2,3,0,0,6,3
hsa-miR-4485-3p,151,32,177,38,0,0,41
hsa-miR-7849-3p,0,7,18,0,0,0,24
hsa-miR-378h,2,1,1,1,0,0,2
hsa-miR-302c-3p,0,0,0,3,12,6,10
hsa-miR-516a-5p,0,0,1,0,0,0,0
hsa-miR-4433a-3p,14,32,12,2,0,1,2
hsa-miR-518b,0,30,0,2,3,74,2
hsa-miR-378f,3,3,8,3,4,7,34
hsa-miR-642a-3p,0,1,11,7,7,34,0
hsa-miR-4433a-5p,1,1,0,0,0,0,1
hsa-miR-210-3p,0,39,41,27,17,21,32
hsa-miR-196b-5p,0,46,20,0,13,32,20
hsa-let-7i-3p,0,0,33,0,0,14,19
hsa-miR-27b-5p,15,58,34,0,11,16,21
hsa-miR-1323,0,16,0,2,22,45,20
hsa-miR-520a-3p,0,27,0,12,16,4,8
hsa-miR-548ah-3p|hsa-miR-548p,0,0,0,0,0,0,0
hsa-miR-151a-5p|hsa-miR-151b,5,121,24,30,52,50,86
hsa-miR-151b,0,9,0,2,11,6,15
hsa-miR-574-3p,41,42,52,0,18,0,22
hsa-miR-3177-3p,11,99,141,10,16,29,75
hsa-miR-505-5p,26,32,48,41,16,20,54
hsa-miR-874-3p,13,12,45,12,0,0,0
hsa-miR-873-5p,0,12,0,0,0,39,23
hsa-miR-651-5p,28,27,37,18,45,33,96
hsa-miR-2355-3p,0,33,25,4,27,0,0
hsa-miR-6772-3p,29,21,13,0,13,0,0
hsa-miR-660-5p,40,11,34,2,19,63,150
hsa-miR-504-5p,0,11,0,15,33,20,0
hsa-miR-92a-1-5p,0,0,7,7,0,0,0
hsa-miR-6843-3p,33,17,25,8,40,0,53
hsa-miR-6741-3p,44,0,48,0,25,22,39
hsa-miR-369-3p,0,14,23,0,0,0,45
hsa-miR-219a-1-3p,0,9,0,0,1,0,25
hsa-miR-431-5p,35,25,43,32,28,18,19
hsa-miR-21-3p,38,90,168,22,75,15,218
hsa-miR-5189-5p,1,10,10,0,0,0,76
hsa-miR-1284,0,0,24,1,11,39,21
hsa-miR-6511b-3p,0,0,0,13,0,0,0
hsa-miR-1304-3p,0,0,0,0,0,0,0
hsa-miR-6866-5p,0,0,0,0,9,0,34
hsa-miR-1343-3p,0,0,38,8,13,31,38
hsa-miR-766-3p,0,46,50,0,0,0,0
hsa-miR-18a-3p,20,0,28,0,14,0,18
hsa-miR-877-3p,6,0,0,7,0,0,3
hsa-miR-4685-3p,0,0,0,14,12,0,20
hsa-miR-5010-3p,0,17,27,0,7,0,0
hsa-miR-3198,10,0,0,0,0,0,17
hsa-miR-641,9,60,0,37,0,0,0
hsa-miR-30c-2-3p,0,36,0,0,34,0,0
hsa-miR-331-3p,0,16,57,2,7,0,15
hsa-miR-331-5p,0,15,0,9,12,0,25
hsa-miR-3127-5p,0,0,0,0,0,0,0
hsa-miR-5189-3p,0,29,58,0,6,28,1
hsa-miR-3150a-5p,0,0,25,0,0,0,1
hsa-miR-29c-3p,0,8,25,15,2,25,37
hsa-miR-374b-3p,0,0,7,0,0,0,0
hsa-miR-148b-5p,0,19,0,11,4,16,68
hsa-miR-539-3p,0,0,52,0,0,0,0
hsa-miR-455-5p,0,14,0,0,0,0,0
hsa-miR-190b,0,14,0,0,0,0,38
hsa-miR-133a-3p,33,42,0,48,0,0,20
hsa-miR-3143,0,0,0,0,0,57,0
hsa-miR-1185-1-3p,24,16,26,5,17,0,46
hsa-miR-4743-5p,0,14,0,0,0,0,0
hsa-miR-424-5p,0,11,0,0,14,24,0
hsa-miR-195-5p,0,0,0,7,10,25,14
hsa-miR-494-3p,25,38,20,11,0,23,0
hsa-miR-3191-3p,28,0,29,0,16,0,29
hsa-miR-582-3p,0,26,17,11,14,76,119
hsa-miR-1287-5p,0,0,22,5,13,0,36
hsa-miR-203a-3p,22,24,40,19,160,361,90
hsa-miR-4632-5p,0,0,0,0,0,0,0
hsa-miR-4646-5p,1,0,0,0,15,0,0
hsa-miR-5683,0,0,0,0,0,0,18
hsa-miR-4639-5p,0,0,0,0,0,0,0
hsa-miR-4726-5p,0,0,0,0,0,0,0
hsa-miR-4424,0,0,0,0,0,0,0
hsa-miR-4659b-5p,0,0,0,0,0,0,0
hsa-miR-1292-5p,0,17,53,14,0,1,25
hsa-miR-363-5p,0,0,30,0,17,45,0
hsa-miR-885-3p,0,0,0,0,0,26,0
hsa-miR-1278,2,0,32,0,14,0,19
hsa-miR-1260b,0,0,0,0,0,31,0
hsa-miR-1273c,0,2,0,0,0,0,19
hsa-miR-378a-5p,0,0,0,0,6,0,0
hsa-miR-3661,0,0,0,0,0,0,0
hsa-miR-3124-5p,10,0,0,0,0,0,0
hsa-miR-1229-3p,20,0,1,0,0,0,0
hsa-miR-382-3p,50,31,23,18,57,0,24
hsa-miR-6859-5p,4,23,0,0,0,24,19
hsa-miR-7854-3p,10,0,1,0,0,0,16
hsa-miR-5697,0,0,0,0,0,0,13
hsa-miR-450a-2-3p,5,0,0,0,0,0,0
hsa-miR-146a-3p,0,0,0,0,17,3,0
hsa-miR-656-3p,0,0,24,0,0,0,27
hsa-miR-136-5p,0,10,41,0,0,0,15
hsa-miR-141-3p,0,0,0,0,20,1,22
hsa-miR-487a-5p,10,34,51,11,14,0,18
hsa-miR-4742-3p,32,0,0,0,10,0,14
hsa-miR-18a-5p,0,55,38,29,7,0,53
hsa-miR-6735-5p,0,1,0,0,1,0,0
hsa-miR-7155-3p,0,12,15,8,0,0,0
hsa-miR-409-5p,40,0,0,4,21,0,51
hsa-miR-548j-5p,0,6,22,0,28,0,0
hsa-miR-4435,15,42,19,8,0,0,16
hsa-miR-3179,0,4,0,0,0,0,0
hsa-miR-3192-5p,0,0,23,0,0,1,0
hsa-miR-1277-5p,4,57,72,0,30,22,0
hsa-miR-127-5p,13,20,0,6,24,0,43
hsa-miR-1249-3p,0,0,0,0,1,0,0
hsa-miR-3688-3p,0,0,0,0,0,0,0
hsa-miR-1193,0,0,0,10,0,0,1
hsa-miR-6819-3p,0,0,0,0,0,0,14
hsa-miR-3913-5p,0,0,52,0,0,0,61
hsa-miR-4533,0,12,0,0,20,0,23
hsa-miR-29b-3p,9,20,75,11,0,28,118
hsa-miR-4638-5p,0,0,0,0,0,0,0
hsa-miR-4659a-3p,19,11,0,0,0,0,0
hsa-miR-548n,0,0,0,0,0,0,0
hsa-miR-3180-5p,0,0,0,0,0,0,0
hsa-miR-377-5p,0,4,0,0,0,0,0
hsa-miR-324-5p,0,18,0,8,0,0,0
hsa-miR-3164,0,0,1,0,0,0,0
hsa-miR-202-3p,0,0,0,0,12,0,33
hsa-miR-6868-3p,0,0,23,0,0,0,0
hsa-miR-132-5p,10,1,9,0,1,0,24
hsa-miR-6789-3p,0,0,0,0,0,0,0
hsa-miR-610,0,22,0,0,0,0,0
hsa-miR-6514-5p,0,63,0,0,0,0,27
hsa-miR-6740-5p,0,0,29,0,0,0,0
hsa-miR-873-3p,0,0,0,13,0,0,36
hsa-miR-636,0,0,0,0,0,0,0
hsa-miR-4646-3p,0,0,0,0,0,0,26
hsa-miR-4479,0,0,0,0,0,0,0
hsa-miR-6805-5p,0,20,4,0,0,0,24
hsa-miR-664a-3p,0,0,23,0,0,0,0
hsa-miR-301b-3p,0,0,0,26,26,0,0
hsa-miR-548a-3p,0,0,0,0,0,0,0
hsa-miR-4750-5p,11,0,14,12,2,0,7
hsa-miR-4504,0,0,0,0,0,0,0
hsa-miR-222-5p,0,0,20,0,0,0,0
hsa-miR-96-5p,28,14,0,0,0,0,26
hsa-miR-3920,0,23,19,0,0,0,0
hsa-miR-365a-5p,0,0,0,0,0,1,1
hsa-miR-190a-5p,0,0,0,0,0,0,0
hsa-miR-197-5p,19,29,0,0,28,0,9
hsa-miR-3163,0,0,16,0,0,0,0
hsa-miR-769-3p,0,0,0,0,0,0,0
hsa-miR-6798-3p,0,0,16,0,0,1,0
hsa-miR-2276-3p,0,0,0,0,0,0,0
hsa-miR-4659b-3p,16,19,13,0,0,9,33
hsa-miR-598-3p,16,26,23,0,55,37,3
hsa-miR-214-3p,0,0,0,0,20,0,0
hsa-miR-181c-5p,0,4,5,0,1,0,0
hsa-let-7g,0,0,0,0,1,0,0
hsa-miR-337-5p,0,0,24,0,15,0,21
hsa-miR-6729-5p,0,0,0,0,0,0,10
hsa-miR-1288-3p,0,0,0,13,14,0,12
hsa-miR-296-5p,0,0,0,0,0,0,0
hsa-miR-5009-5p,0,0,0,0,0,0,0
hsa-let-7f-1-3p,0,0,15,0,9,0,29
hsa-miR-1290,2,2,2,0,0,2,6
hsa-miR-6857-3p,0,0,0,0,0,0,0
hsa-miR-4296,0,0,0,0,0,0,0
hsa-miR-548ab,0,0,0,0,0,0,0
hsa-miR-187-3p,0,0,0,1,0,0,0
hsa-miR-6515-5p,0,1,40,21,0,0,0
hsa-miR-6881-3p,0,0,19,0,0,0,0
hsa-miR-1298-5p,0,0,1,8,0,0,2
hsa-miR-3675-5p,0,0,0,0,0,0,0
hsa-miR-4657,0,9,0,0,0,0,0
hsa-miR-1234-3p,0,0,0,0,0,0,0
hsa-mir-30c-2,0,2,0,2,0,0,0
hsa-mir-30c-1,0,2,0,2,0,0,0
hsa-let-7c-3p,0,0,0,0,0,0,0
hsa-miR-454-3p,16,26,28,21,0,0,0
hsa-miR-3928-3p,14,22,0,0,15,0,0
hsa-miR-3909,9,0,0,5,0,0,0
hsa-miR-3150b-3p,0,0,0,0,0,0,11
hsa-miR-5196-3p,0,0,0,16,0,0,0
hsa-miR-362-5p,0,9,0,0,0,0,27
hsa-miR-627-5p,0,0,19,0,0,0,0
hsa-miR-3653-3p,0,0,0,0,0,0,7
hsa-miR-4683,0,0,7,0,0,0,0
hsa-miR-576-5p,0,11,0,7,0,0,0
hsa-miR-1306-3p,14,0,70,36,0,33,0
hsa-miR-141-5p,0,0,0,0,0,0,2
hsa-miR-6764-5p,0,0,0,0,0,0,0
hsa-miR-520f-3p,0,0,0,0,0,0,0
hsa-miR-548ah-3p|hsa-miR-548av-3p,0,13,0,0,0,0,4
hsa-mir-516b-2,0,0,0,0,0,0,0
hsa-miR-6892-5p,15,0,0,0,0,0,0
hsa-miR-6783-3p,0,0,0,0,0,0,20
hsa-miR-548l,28,0,1,0,5,1,0
hsa-miR-512-3p,0,0,0,1,1,1,1
hsa-miR-520g-3p|hsa-miR-520h,0,0,0,0,6,0,0
hsa-miR-371a-5p,0,0,0,0,1,3,4
hsa-miR-526b-5p,0,0,0,0,3,61,3
hsa-miR-208b-3p,0,0,0,0,0,0,0
hsa-miR-429,0,18,0,0,4,0,9
hsa-miR-522-3p,0,0,0,1,15,2,0
hsa-miR-518a-3p,0,0,0,0,1,0,0
hsa-miR-1298-3p,0,0,0,0,0,0,0
hsa-miR-1269b,0,0,0,0,0,0,0
hsa-miR-378b,1,0,0,0,2,1,2
hsa-miR-4686,0,0,0,0,0,0,0
hsa-miR-410-3p,63,31,69,6,7,0,62
hsa-miR-532-3p,0,5,0,0,0,0,0
hsa-miR-548av-5p|hsa-miR-548k,15,24,34,12,13,0,0
hsa-miR-6787-3p,13,0,0,0,0,0,0
hsa-miR-205-5p,0,0,0,0,0,23,13
hsa-miR-7848-3p,1,11,23,0,1,19,0
hsa-miR-4796-5p,0,0,0,0,0,0,0
hsa-miR-6738-3p,0,0,0,0,0,0,0
hsa-miR-4498,0,0,0,0,0,0,0
hsa-miR-556-5p,0,0,0,5,0,0,0
hsa-miR-6855-5p,7,21,6,0,0,0,0
hsa-miR-6837-5p,0,0,0,0,0,0,0
hsa-miR-452-5p,12,51,31,33,28,0,43
hsa-miR-151a-5p,1,30,0,1,0,1,0
hsa-miR-6787-5p,0,0,0,0,0,0,0
hsa-miR-135a-3p,0,0,0,0,0,0,12
hsa-miR-4440,0,0,0,0,0,0,0
hsa-miR-1285-5p,0,0,0,0,0,0,0
hsa-let-7f-2-3p,1,2,2,0,11,0,1
hsa-miR-376a-3p,0,0,1,0,0,0,77
hsa-miR-154-5p,0,0,0,0,0,0,0
hsa-miR-4677-3p,0,0,0,0,0,0,14
hsa-miR-6810-3p,0,0,0,0,0,0,0
hsa-miR-1303,0,0,0,0,0,0,0
hsa-miR-937-3p,9,15,23,0,1,22,0
hsa-miR-6516-5p,9,0,0,0,0,0,0
hsa-miR-758-3p,0,0,74,6,11,34,21
hsa-miR-376c-3p,0,12,0,0,0,0,21
hsa-miR-3175,0,0,0,0,0,0,0
hsa-miR-1197,0,0,0,0,0,1,0
hsa-miR-4645-3p,0,0,0,5,0,0,0
hsa-miR-6873-3p,0,0,0,0,0,0,0
hsa-miR-664b-5p,0,22,21,18,0,0,0
hsa-miR-6810-5p,0,0,0,0,0,0,0
hsa-miR-4437,0,0,0,0,0,0,0
hsa-miR-933,13,0,0,0,0,0,0
hsa-miR-548u,3,0,23,1,0,0,14
hsa-miR-509-3p,0,0,0,0,0,0,0
hsa-miR-1258,0,0,0,0,0,0,0
hsa-miR-183-3p,0,0,0,0,0,0,0
hsa-miR-3135a,0,0,0,9,0,0,0
hsa-miR-3180|hsa-miR-3180-3p,0,0,11,0,0,0,0
hsa-miR-4654,0,0,0,0,1,0,0
hsa-miR-1304-5p,0,0,1,0,1,0,0
hsa-miR-4787-3p,0,0,0,0,0,0,0
hsa-miR-6813-5p,0,0,30,0,0,0,0
hsa-miR-6800-5p,0,0,0,0,0,0,0
hsa-miR-98-3p,0,12,19,0,4,0,0
hsa-miR-26a-2-3p,0,0,0,0,0,5,0
hsa-miR-431-3p,0,14,0,3,0,0,17
hsa-miR-379-3p,0,24,0,0,0,0,0
hsa-miR-548at-5p,0,0,0,0,8,0,0
hsa-miR-149-5p,0,0,0,16,0,0,4
hsa-miR-4485-5p,0,19,0,0,0,0,0
hsa-miR-3176,0,0,0,0,0,0,0
hsa-miR-4738-3p,0,0,19,0,5,0,0
hsa-mir-146b,0,0,0,0,0,0,7
hsa-miR-4999-5p,16,0,0,9,0,0,0
hsa-miR-487a-3p,0,0,21,0,0,0,0
hsa-miR-4324,0,0,0,0,0,0,0
hsa-miR-523-3p,0,0,0,0,0,0,0
hsa-miR-6505-3p,0,0,17,0,0,0,0
hsa-miR-3617-5p,19,0,0,0,0,0,0
hsa-miR-1247-3p,0,0,0,0,0,0,0
hsa-miR-548ad-5p|hsa-miR-548ae-5p|hsa-miR-548ay-5p,0,0,0,0,0,0,0
hsa-miR-3682-3p,0,0,0,0,0,0,0
hsa-miR-7850-5p,0,0,0,0,0,0,0
hsa-miR-6767-5p,0,0,0,0,0,0,0
hsa-miR-1269a,0,0,0,0,0,0,0
hsa-miR-934,0,0,0,0,0,1,0
hsa-miR-6761-5p,0,0,0,0,0,0,28
hsa-miR-3934-5p,0,0,0,0,0,0,1
hsa-miR-24-1-5p,0,0,0,0,0,0,0
hsa-miR-519d-3p,0,0,1,0,1,1,0
hsa-miR-133b,3,4,0,4,0,0,0
hsa-miR-548ap-5p,0,0,0,1,0,0,0
hsa-miR-518f-5p,0,1,0,0,1,1,1
hsa-miR-518d-5p|hsa-miR-520c-5p|hsa-miR-526a,0,1,0,0,1,1,1
hsa-miR-145-5p,0,0,28,0,1,0,0
hsa-miR-490-3p,0,0,0,0,0,0,0
hsa-miR-31-5p,0,5,0,13,0,0,0
hsa-miR-208a-3p,0,0,0,0,0,0,11
hsa-miR-3607-3p,0,0,0,0,0,0,0
hsa-miR-34a-5p,0,0,0,0,0,1,0
hsa-miR-133a-5p,0,0,0,0,0,0,0
hsa-miR-490-5p,0,0,0,0,0,0,0
hsa-mir-378a,0,1,0,0,2,0,0
hsa-miR-365a-3p|hsa-miR-365b-3p,0,0,0,0,0,0,0
hsa-miR-1973,0,0,0,0,0,0,0
hsa-miR-152-5p,0,0,0,0,0,0,0
hsa-miR-132-3p,0,0,0,1,0,0,0
hsa-miR-1248,0,0,0,0,2,0,0
hsa-miR-708-5p,0,0,0,0,0,0,10
hsa-miR-129-2-3p,0,0,0,0,0,0,0
hsa-miR-34b-3p,0,0,0,0,0,0,0
hsa-miR-212-3p,0,0,0,0,0,0,0
hsa-miR-450a-1-3p,0,0,0,0,0,0,0
hsa-miR-29a-5p,0,0,0,0,0,0,0
hsa-mir-378d-2,0,0,0,0,2,0,0
hsa-miR-497-5p,20,0,0,0,0,0,0
hsa-miR-212-5p,14,0,0,12,16,11,34
hsa-miR-4286,0,0,0,0,0,0,32
hsa-miR-200a-5p,0,0,26,1,2,2,21
hsa-miR-181b-3p,0,0,0,0,0,0,0
hsa-miR-30c-1-3p,16,52,15,0,0,0,0
hsa-miR-3652,0,0,0,0,0,0,0
hsa-miR-4652-5p,0,0,0,0,0,0,0
hsa-let-7g-3p,0,0,0,0,0,0,0
hsa-miR-193b-3p,0,1,0,0,0,1,0
hsa-miR-302c-5p,0,0,0,1,1,0,0
hsa-miR-129-1-3p,0,0,0,0,0,0,0
hsa-miR-4454,0,0,0,0,0,0,0
hsa-miR-299-5p,0,0,0,7,0,0,0
hsa-miR-138-5p,0,0,0,0,0,0,0
hsa-miR-499a-3p,0,0,0,0,0,0,0
hsa-miR-374c-5p,2,2,5,0,0,1,0
hsa-miR-128-1-5p,0,0,0,0,0,0,0
hsa-miR-4530,0,0,0,0,0,0,0
hsa-mir-378d-1,0,0,0,0,2,0,0
hsa-miR-380-5p,0,0,11,6,0,0,0
hsa-miR-208a-5p,0,0,0,0,0,0,0
hsa-miR-4448,0,0,0,0,0,0,0
hsa-miR-365b-5p,0,0,0,0,0,0,11
hsa-miR-6126,0,0,0,0,0,0,0
hsa-miR-4317,0,0,0,0,0,0,0
hsa-miR-23c,0,0,1,0,0,0,0
hsa-miR-448,0,0,0,0,0,0,1
hsa-miR-188-5p,0,0,0,0,0,0,0
hsa-miR-371a-3p,0,0,0,0,0,1,4
hsa-miR-4532,0,0,0,0,0,0,0
hsa-miR-501-5p,0,0,0,0,0,0,0
hsa-mir-23b,0,0,0,0,0,0,0
hsa-miR-935,0,0,0,0,0,1,0
hsa-miR-373-3p,0,0,0,0,1,0,0
hsa-mir-23a,0,0,0,0,0,0,0
hsa-miR-9-3p,0,12,0,0,8,17,10
hsa-mir-26b,0,3,0,0,0,0,0
hsa-miR-1297,0,3,0,0,8,0,0
hsa-mir-302b,0,0,0,0,0,0,0
hsa-mir-302c,0,0,0,0,0,0,0
hsa-mir-302a,0,0,0,0,0,0,0
hsa-miR-302e,0,0,0,0,0,0,0
hsa-miR-4792,0,0,0,0,0,0,0
hsa-miR-487b-3p,32,0,0,0,0,0,0
hsa-miR-671-5p,4,0,18,20,0,0,0
hsa-miR-542-5p,0,0,0,0,0,0,0
hsa-miR-7107-3p,0,0,0,0,0,0,0
hsa-miR-1250-5p,12,0,0,15,17,15,0
hsa-miR-1293,0,0,0,0,0,0,21
hsa-let-7e-3p,0,29,0,0,0,0,0
hsa-miR-5703,0,0,0,0,0,0,0
hsa-miR-6770-3p,0,32,7,0,0,0,39
hsa-miR-675-3p,0,0,0,0,0,0,0
hsa-miR-2277-5p,0,0,0,10,0,0,0
hsa-miR-4482-3p,0,0,0,0,1,0,0
hsa-miR-518e-3p,0,0,0,0,2,1,1
hsa-miR-449c-5p,0,0,0,0,0,0,0
hsa-miR-498,0,0,0,0,0,0,0
hsa-miR-3911,0,0,0,0,1,11,30
hsa-miR-4798-5p,0,0,0,0,0,0,0
hsa-miR-4741,0,12,0,0,0,0,0
hsa-miR-4708-3p,0,0,0,0,0,0,0
hsa-miR-4800-5p,0,0,0,0,0,4,0
hsa-miR-6821-5p,0,0,0,0,0,0,0
hsa-miR-5000-3p,0,0,0,0,0,0,0
hsa-mir-320d-2,0,2,0,0,1,0,1
hsa-mir-320d-1,0,0,0,0,0,0,1
hsa-miR-4497,0,0,0,0,0,0,0
hsa-mir-7845,0,0,0,0,0,0,0
hsa-miR-4800-3p,0,0,0,0,0,0,0
hsa-miR-422a,0,0,0,0,0,0,0
hsa-miR-518f-3p,0,0,0,0,0,0,0
hsa-miR-4777-3p,0,0,0,0,0,0,0
hsa-miR-7-1-3p,0,0,36,0,5,0,0
hsa-miR-582-5p,0,0,0,0,0,0,0
hsa-miR-4661-5p,0,0,19,0,0,0,0
hsa-miR-302b-5p,0,0,0,0,0,0,0
hsa-miR-520h,0,0,0,0,2,0,1
hsa-miR-7641,0,0,0,0,0,0,0
hsa-miR-6791-3p,0,0,0,0,0,0,6
hsa-miR-455-3p,0,0,0,0,1,0,0
hsa-miR-6513-3p,0,1,18,0,0,0,0
hsa-miR-193a-3p,0,0,0,0,0,0,0
hsa-miR-892c-3p,0,0,0,0,0,0,0
hsa-miR-1262,0,0,0,0,0,0,0
hsa-miR-3173-3p,0,0,0,0,0,0,0
hsa-miR-6877-5p,15,6,26,0,0,0,36
hsa-miR-3613-3p,11,0,0,0,0,0,0
hsa-miR-539-5p,0,0,1,0,0,0,0
hsa-miR-616-3p,0,0,0,0,0,0,0
hsa-miR-509-3-5p,0,0,17,1,0,0,0
hsa-miR-487b-5p,0,0,0,0,0,0,0
hsa-miR-1914-5p,0,0,0,0,0,0,0
hsa-miR-194-3p,0,0,0,0,0,0,0
hsa-miR-4775,0,12,0,1,0,0,0
hsa-miR-3944-3p,0,0,0,0,0,0,0
hsa-miR-5588-5p,0,0,0,0,0,0,0
hsa-miR-548q,0,0,0,0,0,0,0
hsa-miR-3188,13,0,0,21,0,0,0
hsa-miR-4755-5p,0,10,0,12,0,20,0
hsa-miR-4444,0,0,0,0,0,0,0
hsa-miR-5701,0,0,0,0,0,0,0
hsa-miR-6513-5p,0,24,0,0,0,0,0
hsa-miR-7110-5p,0,0,25,0,0,0,0
hsa-miR-449a,0,0,0,0,0,0,0
hsa-miR-3200-5p,0,0,0,0,0,0,0
hsa-miR-570-3p,0,0,0,0,0,0,0
hsa-miR-6803-3p,5,0,0,0,0,0,0
hsa-miR-765,0,0,0,0,0,0,0
hsa-miR-154-3p,0,0,0,0,0,0,0
hsa-miR-4425,0,0,0,0,0,0,0
hsa-miR-6894-3p,0,0,10,0,0,0,0
hsa-miR-550b-3p,0,0,0,0,0,0,0
hsa-miR-618,0,0,0,0,0,0,33
hsa-miR-943,0,0,0,0,0,0,0
hsa-miR-4525,0,0,0,0,0,0,0
hsa-miR-668-3p,0,10,0,0,0,0,0
hsa-miR-6511a-3p,7,0,0,0,0,0,1
hsa-miR-4668-5p,0,0,0,0,0,0,0
hsa-miR-4757-5p,0,0,0,0,0,0,0
hsa-miR-4796-3p,0,0,0,0,0,0,0
hsa-miR-552-3p,0,8,40,0,33,0,18
hsa-miR-6772-5p,0,18,0,0,0,0,30
hsa-miR-511-3p,0,0,0,0,0,0,0
hsa-miR-597-3p,0,13,0,0,0,0,0
hsa-miR-520d-3p,0,0,0,2,32,0,0
hsa-miR-196a-5p,0,0,0,0,0,0,0
hsa-miR-3620-5p,0,0,32,8,0,0,0
hsa-miR-7113-5p,0,0,15,0,0,0,0
hsa-miR-518c-5p,0,0,0,0,0,1,0
hsa-miR-517-5p,0,0,0,0,1,0,0
hsa-miR-520g-5p,0,0,0,0,0,0,0
hsa-miR-1286,0,0,0,0,0,0,0
hsa-miR-518c-3p,0,0,0,0,0,0,1
hsa-miR-6850-5p,0,0,0,0,0,0,18
hsa-miR-6736-5p,0,0,0,0,0,0,0
hsa-miR-5004-3p,0,0,0,0,0,0,0
hsa-miR-1283,0,0,0,0,0,0,1
hsa-miR-517c-3p,0,0,0,0,0,1,0
hsa-miR-659-5p,0,6,11,0,0,0,0
hsa-miR-3690,0,0,0,0,0,0,0
hsa-miR-149-3p,0,1,0,0,0,0,0
hsa-miR-519a-3p,0,0,0,0,0,0,0
hsa-miR-520a-5p,0,0,0,0,0,1,1
hsa-miR-519d-5p,0,0,0,0,0,0,0
hsa-miR-4640-3p,0,0,0,0,0,0,0
hsa-miR-520f-5p,0,0,0,0,0,0,0
hsa-miR-1247-5p,0,0,0,0,0,48,0
hsa-miR-6861-5p,0,0,22,0,0,0,0
hsa-miR-6748-5p,0,0,0,0,0,0,0
hsa-miR-541-3p,0,23,0,0,0,0,1
hsa-miR-1296-5p,23,0,0,0,0,0,0
hsa-miR-518d-3p,0,1,0,0,0,0,0
hsa-miR-520g-3p,0,0,0,0,0,0,0
hsa-miR-4470,0,0,22,0,0,0,0
hsa-miR-6806-3p,0,0,0,0,0,0,0
hsa-miR-675-5p,0,0,0,0,0,0,0
hsa-miR-744-3p,22,12,0,0,0,0,0
hsa-miR-940,0,0,0,0,0,0,0
hsa-miR-301a-3p,0,0,21,0,0,0,20
hsa-miR-6816-3p,0,0,0,0,0,0,0
hsa-miR-6847-5p,0,23,0,0,0,0,0
hsa-miR-6853-3p,0,0,0,0,5,0,0
hsa-miR-3125,0,0,0,0,0,0,0
hsa-miR-6825-5p,11,14,0,0,14,0,0
hsa-miR-4436b-3p,0,0,0,0,0,0,0
hsa-miR-6894-5p,0,0,0,0,0,0,0
hsa-miR-29b-2-5p,0,0,0,0,0,0,20
hsa-miR-4522,0,0,0,0,0,0,0
hsa-miR-6817-3p,0,0,0,0,16,0,14
hsa-miR-5093,0,0,0,0,0,0,0
hsa-miR-525-3p,0,0,0,0,0,0,0
hsa-miR-4734,0,0,0,0,0,0,0
hsa-miR-548ai|hsa-miR-570-5p,0,0,0,0,0,0,0
hsa-miR-548ar-3p,0,0,0,0,0,0,1
hsa-miR-6504-5p,0,0,0,7,0,0,0
hsa-miR-8072,0,0,0,0,0,0,13
hsa-miR-1185-2-3p,0,0,0,0,0,0,0
hsa-miR-548f-3p,0,0,1,0,0,0,0
hsa-miR-4535,0,0,0,0,0,0,0
hsa-miR-6755-5p,0,0,0,0,0,0,0
hsa-miR-653-3p,0,0,0,0,0,0,0
hsa-miR-521,0,0,0,0,0,0,0
hsa-miR-524-5p,0,0,0,0,0,0,0
hsa-miR-6862-5p,0,0,0,0,0,0,0
hsa-mir-516b-1,0,0,0,0,0,0,0
hsa-mir-517a,0,0,0,0,0,0,0
hsa-miR-892a,0,0,0,0,0,0,0
hsa-miR-3678-5p,0,0,0,7,0,0,0
hsa-miR-6883-3p,0,0,0,0,0,0,0
hsa-miR-6786-3p,0,0,0,0,0,0,0
hsa-miR-4658,0,0,0,0,0,0,0
hsa-miR-548o-3p,0,0,0,0,1,0,0
hsa-miR-124-3p,0,0,0,0,0,0,0
hsa-miR-105-5p,0,0,0,0,0,0,0
hsa-miR-3166,0,0,0,0,0,0,1
hsa-miR-3129-3p,0,0,0,0,0,0,0
hsa-miR-4467,0,0,0,0,0,0,0
hsa-miR-4511,0,0,0,0,0,0,0
hsa-miR-4676-3p,0,1,0,0,0,0,0
hsa-miR-3121-3p,0,12,0,0,14,0,0
hsa-miR-548ac,0,0,0,0,0,0,0
hsa-miR-1260a,0,0,0,0,0,0,0
hsa-miR-508-3p,0,0,0,0,0,0,0
hsa-miR-6780a-5p,0,0,0,19,0,0,0
hsa-miR-5584-5p,0,0,0,0,0,0,0
hsa-miR-135a-5p,0,0,0,10,0,0,0
hsa-miR-6134,0,1,0,0,0,0,0
hsa-miR-4716-3p,0,0,0,0,0,0,0
hsa-miR-4306,0,0,0,0,0,0,0
hsa-miR-6866-3p,0,0,0,0,0,0,0
hsa-miR-5003-3p,0,0,0,0,0,0,0
hsa-miR-3591-5p,0,0,0,0,0,0,0
hsa-miR-519b-3p,0,0,0,0,0,0,0
hsa-mir-548l,0,0,0,0,0,0,0
hsa-miR-548ah-3p,0,0,0,0,0,0,0
hsa-miR-515-5p,0,0,0,0,0,0,0
hsa-miR-6855-3p,0,0,0,0,10,0,1
hsa-miR-6825-3p,0,0,0,0,0,0,0
hsa-miR-6500-3p,0,0,0,0,0,0,0
hsa-miR-4799-5p,0,0,0,0,0,0,0
hsa-miR-370-5p,9,9,0,0,0,0,0
hsa-miR-548ay-3p,0,0,0,0,0,0,0
hsa-miR-6884-5p,0,0,0,0,0,0,5
hsa-miR-550a-3p,0,0,0,0,0,0,0
hsa-miR-6750-5p,0,0,0,0,0,0,0
hsa-miR-4477a,0,0,0,0,0,0,0
hsa-miR-3613-5p,0,0,0,0,0,0,0
hsa-miR-3157-3p,0,0,0,0,0,0,0
hsa-miR-6809-5p,0,0,0,0,0,0,0
hsa-miR-524-3p,0,0,0,0,0,0,0
hsa-miR-182-3p,0,0,0,0,0,0,0
hsa-miR-629-3p,0,0,0,0,0,0,0
hsa-miR-5693,0,0,0,0,0,0,0
hsa-miR-3178,0,0,0,0,0,0,0
hsa-miR-6796-5p,0,0,0,0,0,0,0
hsa-miR-4477b,0,0,0,0,0,0,0
hsa-miR-520e,0,0,0,0,0,0,0
hsa-miR-4742-5p,7,0,0,0,0,0,0
hsa-miR-3131,0,0,0,0,6,0,0
hsa-miR-1910-5p,0,0,0,0,0,0,0
hsa-miR-548j-3p,8,0,0,16,0,0,0
hsa-miR-7151-5p,0,13,0,0,0,0,0
hsa-miR-6826-5p,0,0,0,0,0,0,0
hsa-miR-3675-3p,0,0,0,0,0,0,0
hsa-miR-2682-5p,0,0,0,0,1,0,0
hsa-miR-4653-3p,0,0,0,0,0,0,0
hsa-miR-6510-3p,0,0,0,0,0,0,0
hsa-miR-4503,0,0,0,0,0,0,0
hsa-miR-605-3p,0,8,0,0,0,0,0
hsa-miR-4325,0,0,0,0,0,0,0
hsa-mir-25,0,0,0,0,0,0,0
hsa-miR-4758-3p,0,0,0,0,0,0,0
hsa-miR-6882-5p,0,0,0,0,0,0,27
hsa-miR-4647,1,0,1,0,0,0,0
hsa-miR-3183,0,0,0,0,0,0,0
hsa-miR-513c-5p,0,0,0,0,0,0,0
hsa-miR-4667-5p,0,1,22,0,0,0,19
hsa-miR-548ad-5p|hsa-miR-548ae-5p,1,0,0,0,0,0,5
hsa-miR-4672,0,0,0,0,0,0,0
hsa-miR-6745,0,0,0,0,0,0,0
hsa-miR-6744-5p,0,0,0,0,0,0,0
hsa-miR-6746-3p,0,0,0,0,0,0,0
hsa-miR-4289,0,0,0,0,0,0,0
hsa-miR-7977,0,0,0,0,0,0,0
hsa-miR-548av-3p,0,0,1,0,0,0,4
hsa-miR-4748,0,0,0,0,0,0,0
hsa-miR-6734-5p,0,0,0,0,11,0,0
hsa-miR-6807-5p,0,0,0,0,0,0,0
hsa-miR-135b-5p,0,0,0,0,0,0,0
hsa-miR-3180,0,0,0,0,0,0,0
hsa-miR-520b,0,0,0,0,0,0,0
hsa-miR-526b-3p,0,0,0,0,0,0,0
hsa-miR-520b|hsa-miR-520c-3p|hsa-miR-520f-3p,0,0,0,0,0,0,0
hsa-miR-1291,0,0,0,0,0,0,0
hsa-mir-520c,0,0,0,0,0,0,0
hsa-mir-520b,0,0,0,0,0,0,0
hsa-miR-6859-3p,0,0,0,0,0,0,0
hsa-miR-4687-3p,0,0,0,0,0,0,18
hsa-miR-5589-5p,0,0,0,0,0,0,0
hsa-miR-7856-5p,11,0,0,0,0,0,39
hsa-miR-1238-3p,0,0,0,0,0,0,0
hsa-miR-4506,0,0,0,0,0,0,0
hsa-miR-6514-3p,0,0,0,0,0,0,0
hsa-miR-942-3p,0,0,0,0,0,0,0
hsa-miR-4727-3p,0,0,0,0,0,23,0
hsa-miR-4721,0,0,0,0,0,0,0
hsa-miR-500b-3p,0,0,0,0,0,0,0
hsa-miR-548f-3p|hsa-miR-548g-3p,0,1,0,0,0,0,0
hsa-mir-548f-4,0,0,0,0,0,0,0
hsa-miR-6727-5p,0,0,0,0,17,0,0
hsa-miR-6753-3p,0,0,0,0,14,0,0
hsa-miR-217,0,0,0,0,13,0,0
hsa-miR-4723-3p,0,0,0,0,12,0,0
hsa-miR-2115-5p,0,0,0,0,11,0,0
hsa-miR-4688,0,0,0,0,11,0,0
hsa-miR-1270,0,0,0,0,8,0,0
hsa-miR-642b-3p,0,0,1,0,7,1,0
hsa-miR-4669,0,0,0,0,4,0,69
hsa-miR-3152-5p,0,0,0,0,4,0,0
hsa-miR-6895-5p,0,0,0,0,0,18,0
hsa-miR-4648,0,0,0,0,0,13,0
hsa-miR-3651,0,0,0,0,0,12,0
hsa-miR-6854-5p,0,0,0,0,0,0,0
hsa-miR-1273d,0,0,28,0,0,0,0
hsa-miR-6502-5p,0,0,0,9,0,0,0
hsa-miR-5001-3p,0,0,0,0,0,0,11
hsa-miR-6869-5p,0,0,0,0,0,0,0
hsa-miR-329-5p,0,0,14,15,0,0,0
hsa-miR-346,0,0,0,0,0,0,0
hsa-miR-181d-3p,0,0,0,0,0,0,0
hsa-miR-6839-5p,0,0,0,0,0,0,0
hsa-miR-676-3p,0,0,0,0,0,0,0
hsa-miR-3611,0,0,0,0,0,0,0
hsa-miR-4461,0,0,0,0,0,0,0
hsa-miR-4728-3p,0,0,0,0,0,0,0
hsa-miR-6128,0,0,0,0,0,0,0
hsa-miR-5587-3p,0,0,0,0,0,0,0
hsa-miR-3691-3p,0,0,0,0,0,0,0
hsa-miR-887-5p,0,0,0,0,0,0,0
hsa-miR-519c-3p,0,0,0,0,0,0,0
hsa-miR-6860,0,0,0,0,0,0,0
hsa-mir-524,0,0,0,0,0,0,0
hsa-miR-3929,0,0,0,0,0,0,0
hsa-miR-4486,0,0,0,0,0,0,0
hsa-mir-518c,0,0,0,0,0,0,0
hsa-mir-518b,0,0,0,0,0,0,0
hsa-miR-615-5p,0,0,0,0,0,0,0
hsa-miR-7109-5p,0,0,0,0,0,0,0
hsa-miR-3200-3p,0,0,0,0,0,0,0
hsa-miR-4743-3p,0,0,0,0,0,0,16
hsa-miR-6826-3p,0,0,0,0,0,0,0
hsa-miR-6758-3p,0,0,0,0,0,0,0
hsa-miR-4474-3p,0,0,0,0,0,0,0
hsa-miR-1277-3p,15,0,13,0,0,0,20
hsa-miR-4709-5p,0,0,0,0,0,0,0
hsa-miR-4707-5p,0,0,0,0,0,0,0
hsa-miR-1227-3p,0,0,24,0,0,0,0
hsa-miR-6861-3p,0,0,0,0,0,0,0
hsa-miR-3912-3p,0,0,0,13,0,0,0
hsa-miR-34c-3p,0,0,0,0,0,0,0
hsa-miR-3907,0,0,0,0,0,0,0
hsa-miR-6801-5p,0,0,0,0,0,0,0
hsa-miR-6731-3p,0,0,0,0,0,0,0
hsa-miR-6819-5p,0,0,0,0,0,0,0
hsa-miR-4644,0,0,0,0,0,0,0
hsa-miR-6775-3p,0,0,0,0,0,0,0
hsa-miR-6812-3p,0,0,0,0,0,0,0
hsa-miR-4754,0,0,0,0,0,0,0
hsa-miR-6880-3p,0,0,0,0,0,0,0
hsa-miR-3186-5p,0,0,0,0,0,0,0
hsa-miR-3074-3p,0,0,0,0,0,0,0
hsa-miR-4781-3p,0,0,0,0,0,0,0
hsa-mir-151b,0,0,0,0,0,0,0
hsa-miR-6133,0,0,0,0,0,0,0
hsa-mir-548f-3,0,0,0,0,0,0,0
hsa-mir-548f-2,0,1,0,0,0,0,0
hsa-miR-6802-5p,0,0,0,0,0,0,8
hsa-miR-135b-3p,0,0,0,0,0,0,0
hsa-miR-551b-5p,0,0,0,0,0,0,0
hsa-miR-660-3p,0,0,0,0,0,0,0
hsa-mir-548f-1,0,1,0,0,0,0,0
hsa-mir-500a,0,1,0,0,0,0,0
hsa-miR-1237-3p,0,0,0,0,0,0,1
hsa-miR-767-5p,0,0,0,0,0,0,0
hsa-miR-187-5p,0,0,0,0,0,0,0
hsa-miR-1289,0,0,0,0,0,0,0
hsa-miR-548au-3p,0,0,0,0,0,0,0
hsa-miR-3159,0,0,0,0,0,0,0
hsa-miR-6720-3p,0,0,0,0,0,0,0
hsa-miR-5706,0,0,0,0,0,0,0
hsa-miR-6739-3p,0,1,0,0,0,0,0
hsa-miR-26a-1-3p,11,0,23,0,0,0,0
hsa-miR-548av-5p,0,0,0,0,0,0,0
hsa-miR-6827-5p,0,0,0,0,0,0,0
hsa-miR-6766-5p,0,0,0,0,0,0,0
hsa-miR-299-3p,0,0,0,0,0,0,0
hsa-mir-548ah,0,0,0,0,0,0,0
hsa-miR-6875-5p,0,0,0,0,0,0,0
hsa-miR-3925-5p,0,0,0,0,0,0,0
hsa-miR-516a-3p|hsa-miR-516b-3p,0,0,0,0,0,0,0
hsa-miR-4478,0,0,0,0,0,0,0
hsa-miR-550a-5p,0,0,0,0,0,0,0
hsa-mir-520a,0,0,0,0,0,0,0
hsa-miR-520b|hsa-miR-520c-3p,0,0,0,0,0,0,0
hsa-miR-6865-3p,0,0,0,0,0,0,0
hsa-miR-4463,3,0,0,0,0,0,0
hsa-miR-548k,0,0,3,0,0,0,0
hsa-miR-1266-5p,0,0,0,0,0,0,0
hsa-miR-1261,0,0,0,0,0,0,0
hsa-miR-4510,0,0,0,0,0,0,0
hsa-miR-4521,0,0,0,10,0,0,0
hsa-miR-4690-3p,0,0,29,0,0,0,0
hsa-miR-549a,0,0,0,0,0,0,0
hsa-miR-4483,0,0,0,0,0,0,0
hsa-miR-676-5p,0,0,0,0,0,0,0
hsa-miR-18b-5p,0,0,0,0,0,0,1
hsa-miR-3940-3p,0,0,0,0,0,0,1
hsa-miR-627-3p,0,0,0,0,0,0,0
hsa-miR-3939,0,0,0,0,0,0,0
hsa-miR-520d-5p,0,0,0,0,0,0,0
hsa-miR-5188,0,0,0,0,0,0,0
hsa-miR-4745-5p,0,0,0,0,0,0,19
hsa-miR-515-3p,0,0,0,0,0,0,0
hsa-miR-1224-3p,0,0,0,0,0,0,0
hsa-miR-4684-3p,0,0,0,0,0,0,0
hsa-miR-6515-3p,0,0,15,0,0,0,0
hsa-miR-6780b-3p,0,0,0,0,0,0,0
hsa-miR-4753-3p,0,0,0,0,0,0,0
hsa-miR-4709-3p,0,0,0,0,0,0,0
hsa-miR-4455,0,0,0,0,0,0,0
hsa-miR-372-5p,0,0,0,0,0,0,0
hsa-miR-7704,0,0,0,0,0,0,0
hsa-miR-6788-3p,0,0,0,0,0,0,0
hsa-miR-3065-5p,0,20,17,0,0,0,0
hsa-miR-6736-3p,0,0,0,0,0,0,0
hsa-miR-4318,1,0,0,0,0,0,0
hsa-miR-548az-5p,0,0,0,0,0,0,0
hsa-mir-1283-2,0,0,0,0,0,0,0
hsa-miR-6130,0,0,0,0,0,0,0
hsa-miR-378j,0,0,0,0,0,0,0
hsa-mir-519a-2,0,0,0,0,0,0,0
hsa-miR-579-5p,0,0,0,0,0,0,35
hsa-miR-6808-3p,0,0,0,0,0,0,0
hsa-miR-3122,0,0,0,0,0,0,0
hsa-miR-7152-3p,0,0,0,0,0,0,0
hsa-miR-3622a-5p,13,0,0,0,0,0,0
hsa-miR-548t-5p,0,0,0,0,0,0,0
hsa-miR-7851-3p,0,0,0,0,0,0,0
hsa-miR-367-3p,0,0,0,0,0,0,0
hsa-miR-4765,0,14,0,0,0,0,0
hsa-miR-6743-3p,0,0,0,0,0,0,0
hsa-miR-4724-5p,0,0,0,0,0,0,0
hsa-miR-4712-3p,0,0,0,0,0,0,0
hsa-miR-6854-3p,0,0,0,0,0,0,0
hsa-miR-5094,0,0,0,0,0,0,0
hsa-miR-1910-3p,0,0,0,0,0,0,2
hsa-miR-3154,0,0,0,0,0,0,0
hsa-miR-3127-3p,18,22,0,0,0,0,0
hsa-miR-6511b-5p,0,0,0,0,0,0,0
hsa-miR-6777-3p,0,0,0,0,0,0,0
hsa-miR-6889-5p,0,0,0,0,0,0,0
hsa-miR-4755-3p,0,0,0,0,0,0,0
hsa-miR-8070,0,0,0,0,0,0,0
hsa-miR-3199,0,0,0,0,0,0,27
hsa-miR-376b-3p,0,0,0,0,0,0,0
hsa-miR-4676-5p,0,0,0,0,0,0,0
hsa-miR-3118,0,0,0,0,0,0,0
hsa-miR-4762-3p,0,0,0,0,0,0,0
hsa-miR-5684,0,0,0,0,0,0,0
hsa-miR-514a-3p,0,0,0,0,0,0,0
hsa-miR-6715a-3p,0,0,0,0,0,0,0
hsa-miR-6501-5p,0,0,0,0,0,0,0
hsa-miR-6754-3p,0,0,0,0,0,0,0
hsa-miR-7853-5p,0,0,0,0,0,0,0
hsa-miR-4677-5p,0,0,0,0,0,0,1
hsa-miR-3937,0,0,0,0,0,0,0
hsa-miR-7974,0,0,0,0,0,0,0
hsa-miR-210-5p,0,0,0,0,0,0,0
hsa-miR-1249-5p,0,0,0,0,0,0,0
hsa-miR-3620-3p,0,0,0,0,0,0,0
hsa-miR-4664-3p,0,1,0,0,0,0,0
hsa-miR-4749-3p,0,0,0,0,0,0,0
hsa-miR-302d-5p,0,0,0,0,0,0,0
hsa-miR-124-5p,0,0,0,0,0,0,0
hsa-miR-6797-5p,0,0,0,0,0,0,0
hsa-miR-92a-2-5p,0,0,0,0,0,0,0
hsa-miR-18b-3p,0,0,0,0,0,0,0
hsa-miR-4426,0,0,0,0,0,0,0
hsa-miR-4706,0,0,0,0,0,0,0
hsa-miR-6836-3p,0,0,0,0,0,0,0
hsa-miR-3609,0,0,0,0,0,0,0
hsa-miR-373-5p,0,0,0,0,0,0,0
hsa-miR-1244,0,0,0,0,0,0,0
hsa-miR-203b-3p,0,0,0,0,0,0,0
hsa-miR-5001-5p,0,0,0,0,0,0,0
hsa-miR-1911-3p,0,0,0,0,0,0,0
hsa-miR-219a-2-3p,0,0,0,0,0,0,0
hsa-miR-504-3p,0,0,0,0,0,0,0
hsa-miR-512-5p,0,0,0,0,0,0,0
hsa-miR-6737-3p,0,0,0,0,0,0,0
hsa-miR-6857-5p,0,0,0,0,0,0,0
hsa-miR-6840-5p,0,0,0,0,0,0,0
hsa-miR-3940-5p,0,0,0,0,0,0,0
hsa-miR-4717-3p,0,0,0,0,0,0,0
hsa-miR-6800-3p,0,0,0,0,0,0,0
hsa-miR-1915-3p,0,0,0,0,0,0,0
hsa-miR-548h-5p,0,0,0,0,0,0,0
hsa-miR-6824-5p,0,0,0,0,0,0,0
hsa-miR-3529-5p,0,0,0,0,0,0,0
hsa-miR-20b-3p,0,16,0,0,0,0,0
hsa-miR-1264,0,0,0,0,0,0,0
hsa-miR-1912,0,0,0,0,0,0,0
hsa-miR-548ao-3p,0,0,0,0,0,0,0
hsa-miR-500a-5p,0,0,0,0,0,0,0
hsa-miR-548ah-5p,0,0,0,0,0,0,0
hsa-miR-4482-5p,0,0,0,0,0,0,0
hsa-miR-211-5p,0,0,0,0,0,0,0
hsa-miR-2113,0,0,0,0,0,0,0
hsa-miR-3148,0,0,0,0,0,0,0
hsa-miR-3654,0,0,0,0,0,0,0
hsa-miR-767-3p,0,0,0,0,0,0,0
hsa-miR-1322,0,0,0,0,0,0,0
hsa-miR-4284,0,0,0,0,0,0,0
hsa-mir-302d,0,0,0,0,0,0,0
hsa-miR-6773-5p,0,0,0,0,0,0,0
hsa-miR-6511a-5p|hsa-miR-6511b-5p,5,0,0,0,0,0,0
hsa-miR-1265,0,0,0,0,0,0,0
hsa-miR-3664-3p,0,0,0,0,0,0,0
hsa-miR-1236-5p,0,0,0,0,0,0,0
hsa-miR-1276,0,0,0,0,0,0,0
hsa-miR-1295a,0,0,0,0,0,0,0
hsa-miR-6728-5p,0,0,0,0,0,0,0
hsa-miR-34a-3p,0,0,0,0,0,0,0
hsa-miR-3659,0,0,0,0,0,0,0
hsa-miR-4660,0,0,0,0,0,0,0
hsa-miR-4725-3p,0,0,0,0,0,0,0
hsa-miR-548b-5p,0,0,3,0,0,0,0
hsa-miR-491-5p,0,0,0,0,0,0,0
hsa-miR-3938,0,0,0,0,0,0,0
hsa-miR-1909-3p,0,0,0,0,0,0,0
hsa-miR-3149,0,0,0,0,0,0,0
hsa-miR-1243,0,0,0,0,0,0,0
hsa-miR-383-5p,0,0,0,0,0,0,0
hsa-miR-1911-5p,0,0,0,0,0,0,0
hsa-miR-589-3p,0,0,0,0,0,0,0
hsa-miR-561-5p,0,0,0,0,0,0,0
hsa-miR-19b-1-5p,0,0,0,0,0,0,0
hsa-miR-6729-3p,0,0,0,0,0,0,0
hsa-miR-590-3p,0,0,0,0,0,0,0
hsa-miR-551a,0,0,0,0,0,0,0
hsa-miR-4744,0,0,0,0,0,0,0
hsa-miR-4761-3p,0,0,0,0,0,0,0
hsa-miR-598-5p,0,0,0,0,0,0,0
hsa-miR-31-3p,0,0,0,0,0,0,0
hsa-miR-6797-3p,0,0,0,0,0,0,0
hsa-miR-20a-3p,0,0,0,0,0,0,0
hsa-miR-6768-5p,0,0,0,0,0,0,0
hsa-miR-6815-3p,0,0,0,0,0,0,0
hsa-miR-887-3p,0,0,0,0,0,0,0
hsa-miR-3916,0,0,0,0,0,0,0
hsa-miR-4786-5p,0,0,0,0,0,0,0
hsa-miR-3685,0,0,0,0,0,0,0
hsa-miR-3687,0,0,0,0,0,0,0
hsa-miR-3133,0,0,0,0,0,0,0
hsa-miR-6878-5p,0,0,0,0,0,0,0
hsa-miR-6820-5p,0,0,0,0,0,0,0
hsa-miR-1263,0,0,0,0,0,0,0
hsa-miR-1252-5p,0,0,0,0,0,0,0
hsa-miR-506-3p,0,0,0,0,0,0,0
hsa-miR-7111-3p,0,0,0,0,0,0,0
hsa-miR-6846-3p,0,0,0,0,0,0,0
hsa-miR-6802-3p,0,0,0,0,0,0,0
hsa-miR-106a-3p,0,0,0,0,0,0,0
hsa-miR-4774-5p,0,0,0,0,0,0,0
hsa-miR-3170,0,0,0,0,0,0,0
hsa-miR-4797-5p,0,0,0,0,0,0,0
hsa-miR-302f,0,0,0,0,0,0,0
hsa-miR-4427,0,0,0,0,0,0,0
hsa-miR-5698,0,10,0,0,0,0,8
hsa-miR-1226-5p,0,0,0,0,0,0,0
hsa-miR-548m,0,0,0,0,0,0,0
hsa-miR-3184-5p,0,0,0,0,0,0,0
hsa-miR-6799-5p,0,12,0,0,0,0,0
hsa-miR-105-3p,0,0,0,0,0,0,0
hsa-miR-5002-5p,0,0,0,0,0,0,0
hsa-miR-1273e,0,0,0,0,0,0,0
hsa-miR-5004-5p,0,0,0,0,0,0,0
hsa-miR-5581-3p,0,0,0,6,0,0,0
hsa-miR-6769a-5p,0,0,0,0,0,0,0
hsa-miR-548b-3p,0,0,0,0,0,0,0
hsa-miR-3677-3p,0,0,0,0,0,0,0
hsa-miR-200c-5p,0,0,0,0,0,0,0
hsa-miR-4517,0,0,0,0,0,0,0
hsa-miR-3653-5p,0,0,0,0,0,0,0
hsa-miR-545-3p,0,0,0,0,0,0,0
hsa-miR-6754-5p,0,0,0,0,0,0,0
hsa-miR-3129-5p,0,0,0,0,0,0,0
hsa-miR-2277-3p,0,0,0,0,0,0,0
hsa-miR-4431,0,0,0,0,0,0,0
hsa-miR-367-5p,0,0,0,0,0,0,0
hsa-miR-6885-3p,0,0,0,0,0,0,0
hsa-miR-3130-3p,1,0,0,9,0,0,0
hsa-miR-3943,0,0,0,0,0,0,0
hsa-miR-3195,0,0,0,0,0,0,0
hsa-miR-592,0,0,0,0,0,0,0
hsa-miR-3115,0,0,0,0,0,0,0
hsa-miR-551b-3p,0,0,0,0,0,0,0
hsa-miR-489-3p,0,0,0,0,0,0,0
hsa-miR-3128,0,0,0,0,0,0,0
hsa-miR-3942-5p,0,0,0,0,0,0,0
hsa-miR-3064-3p,0,0,0,0,0,0,0
hsa-miR-4699-3p,0,0,0,0,0,0,0
hsa-miR-6820-3p,0,0,0,0,0,0,0
hsa-miR-3664-5p,0,0,0,0,0,0,0
hsa-miR-6874-3p,0,0,0,0,0,0,0
hsa-miR-138-1-3p,0,0,0,0,0,0,0
hsa-miR-3167,0,0,0,0,0,0,0
hsa-miR-4802-3p,0,0,0,0,0,0,0
hsa-miR-3117-3p,0,0,0,0,0,0,0
hsa-miR-3065-3p,0,0,0,0,0,0,0
hsa-miR-616-5p,0,0,0,0,0,0,0
hsa-miR-4428,0,0,0,0,0,0,0
hsa-miR-5582-3p,0,12,0,0,0,0,24
hsa-miR-642b-5p,0,0,0,0,0,0,0
hsa-miR-6873-5p,0,0,0,0,0,0,0
hsa-miR-7156-5p,0,0,0,0,0,0,1
hsa-miR-4699-5p,0,0,0,0,0,0,0
hsa-miR-4515,0,0,0,0,0,0,0
hsa-miR-103a-2-5p,0,0,0,0,0,0,0
hsa-miR-3116,0,0,0,0,0,0,0
hsa-miR-548g-3p,0,0,0,0,0,0,0
hsa-miR-1256,11,0,0,0,0,0,0
hsa-miR-491-3p,0,0,0,0,0,0,0
hsa-miR-605-5p,0,0,0,0,0,0,0
hsa-miR-488-3p,0,0,0,0,0,0,0
hsa-miR-652-5p,0,0,0,0,0,0,0
hsa-miR-664b-3p,0,0,0,0,0,0,0
hsa-miR-2467-5p,0,0,0,0,0,0,0
hsa-miR-590-5p,0,0,0,0,0,0,0
hsa-miR-3619-3p,0,0,0,0,0,0,0
hsa-miR-874-5p,0,0,0,0,0,0,0
hsa-miR-4728-5p,0,0,0,0,0,0,0
hsa-miR-4713-5p,0,0,0,0,0,0,0
hsa-miR-643,0,0,0,0,0,0,0
hsa-miR-556-3p,0,0,0,0,0,0,0
hsa-miR-1267,0,0,0,0,0,0,0
hsa-miR-96-3p,0,0,0,0,0,0,0
hsa-miR-4695-3p,0,0,0,0,0,0,0
hsa-miR-502-5p,0,0,0,0,0,0,0
hsa-miR-6793-3p,0,0,0,0,0,0,0
hsa-miR-3193,0,0,0,0,0,0,0
hsa-miR-6781-5p,0,0,0,0,0,0,0
hsa-miR-6832-5p,0,0,0,0,0,0,0
hsa-miR-4707-3p,0,0,0,0,0,0,0
hsa-miR-624-5p,0,12,0,0,0,0,0
hsa-miR-5579-3p,0,0,0,0,0,0,0
hsa-miR-301b-5p,0,0,0,0,0,0,0
hsa-miR-6777-5p,0,0,0,0,0,0,0
hsa-miR-4520-3p,0,0,0,0,0,0,0
hsa-miR-4520-2-3p,0,0,0,0,0,0,0
hsa-miR-1251-5p,0,0,0,0,0,0,0
hsa-miR-1271-3p,0,0,0,0,0,0,0
hsa-miR-4523,0,0,0,0,0,0,0
hsa-miR-6733-5p,0,0,0,0,0,0,0
hsa-miR-5088-5p,0,0,0,0,0,0,0
hsa-miR-33a-3p,0,0,0,0,0,0,0
hsa-miR-3917,0,0,0,0,0,0,0
hsa-miR-944,0,0,0,0,0,0,0
hsa-miR-5011-3p,0,0,0,0,0,0,0
hsa-miR-3130-5p,0,0,0,0,0,0,0
hsa-miR-16-1-3p,0,0,0,0,0,0,0
hsa-miR-4764-5p,0,0,0,0,0,0,0
hsa-miR-4803,0,0,0,0,0,0,0
hsa-miR-497-3p,0,0,0,0,0,0,0
hsa-miR-5579-5p,0,0,0,0,0,0,0
hsa-miR-34b-5p,0,0,0,0,0,0,0
hsa-miR-602,0,0,0,0,0,0,0
hsa-miR-3165,0,0,0,0,0,0,0
hsa-miR-573,0,0,0,0,0,0,0
hsa-miR-513a-5p,0,0,0,0,0,0,0
hsa-miR-4749-5p,0,0,0,0,0,0,0
hsa-miR-4793-3p,0,0,0,0,0,0,0
hsa-miR-4671-5p,0,0,0,0,0,0,0
hsa-miR-3662,0,0,0,0,0,0,0
hsa-miR-4419b,0,0,0,0,0,0,0
hsa-miR-6785-5p,0,0,0,0,0,0,0
hsa-miR-5699-3p,0,0,0,0,0,0,0
hsa-miR-4516,0,0,0,0,0,0,0
hsa-miR-6858-5p,0,0,0,0,0,0,0
hsa-miR-4484,0,0,0,0,0,0,0
hsa-miR-33b-3p,0,0,0,0,0,0,0
hsa-miR-3681-5p,0,0,0,0,0,0,0
hsa-miR-632,0,0,0,0,0,0,0
hsa-miR-548ad-3p,0,0,0,0,0,0,0
hsa-miR-6737-5p,0,0,0,0,0,0,0
hsa-miR-1272,0,0,0,0,0,0,0
hsa-miR-3138,0,0,1,0,0,0,20
hsa-miR-509-5p,0,0,0,0,0,0,0
hsa-miR-6749-3p,0,7,0,0,0,0,0
hsa-miR-653-5p,0,0,0,0,0,0,0
hsa-miR-4705,0,0,0,0,0,0,0
hsa-miR-6840-3p,0,0,0,0,0,0,0
hsa-miR-4735-5p,0,0,0,0,0,0,0
hsa-miR-4664-5p,0,0,0,0,0,0,0
hsa-mir-526b,0,0,0,0,0,0,0
hsa-miR-345-3p,0,0,0,0,0,0,0
hsa-miR-4727-5p,0,0,0,0,0,0,0
hsa-miR-3126-5p,0,0,0,0,0,0,0
hsa-miR-3134,0,0,0,0,0,0,22
hsa-miR-4794,0,0,0,0,0,0,0
hsa-miR-579-3p,0,0,0,0,0,0,0
hsa-miR-500a-5p|hsa-miR-500b-5p,0,0,0,0,0,0,0
hsa-miR-3155a|hsa-miR-3155b,0,0,0,0,0,0,0
hsa-miR-3155b,0,0,0,0,0,0,0
hsa-mir-16-2,0,0,0,0,0,0,0
hsa-miR-6790-5p,0,0,0,0,0,0,0
hsa-miR-6792-5p,0,0,0,0,0,0,0
hsa-miR-4763-3p,0,0,0,0,0,0,31
hsa-miR-488-5p,0,0,0,0,0,0,0
hsa-miR-548y,0,0,0,0,0,0,0
hsa-miR-3918,0,0,0,10,0,0,0
hsa-miR-519e-3p,0,0,0,0,0,0,0
hsa-miR-939-3p,0,0,0,0,0,0,0
hsa-miR-362-3p,0,0,0,0,0,0,0
hsa-miR-4634,0,0,0,0,0,0,0
hsa-miR-6849-3p,0,0,0,0,0,0,0
hsa-mir-4487,0,0,0,0,0,0,0
hsa-miR-4487,0,0,0,0,0,0,0
hsa-miR-2278,0,0,0,0,0,0,0
hsa-miR-192-3p,0,0,0,0,0,0,0
hsa-miR-4689,0,0,0,0,0,0,0
hsa-miR-578,0,0,0,0,0,0,0
hsa-miR-2276-5p,0,0,0,0,0,0,0
hsa-miR-6890-5p,0,0,0,0,0,0,20
hsa-miR-3145-3p,0,0,0,0,0,0,0
hsa-miR-597-5p,0,0,0,0,0,0,0
hsa-miR-4700-5p,0,0,0,0,0,0,0
hsa-miR-2467-3p,0,0,0,0,0,0,0
hsa-miR-6740-3p,0,0,0,0,0,0,0
hsa-miR-4802-5p,0,0,0,0,0,0,0
hsa-miR-4784,0,0,0,0,0,0,0
hsa-miR-1228-3p,0,0,0,0,0,0,0
hsa-miR-5587-5p,0,0,0,0,0,0,0
hsa-miR-4488,0,0,0,0,0,0,0
hsa-miR-6848-3p,0,0,0,0,0,0,0
hsa-mir-4520-1,0,0,0,0,0,0,0
hsa-miR-2355-5p,0,0,0,0,0,0,0
hsa-miR-6779-3p,0,0,0,0,0,0,0
hsa-miR-519e-5p,0,0,0,0,0,0,0
hsa-miR-5090,0,0,0,1,0,0,0
hsa-miR-4785,0,0,0,0,0,0,0
hsa-miR-7114-3p,0,0,0,0,0,0,0
hsa-miR-6742-3p,0,0,0,0,0,0,0
hsa-miR-3181,0,0,0,0,0,0,0
hsa-miR-7108-5p,0,15,0,0,0,0,0
hsa-miR-6807-3p,0,0,0,0,0,0,0
hsa-miR-5699-5p,0,0,0,0,0,0,0
hsa-miR-5095,0,0,0,0,0,0,0
hsa-miR-4687-5p,0,0,0,0,0,0,0
hsa-miR-6851-5p,0,0,0,0,0,0,0
hsa-miR-1253,0,0,0,0,0,0,0
hsa-miR-4797-3p,0,0,0,0,0,0,0
hsa-miR-6833-3p,0,0,0,0,0,0,0
hsa-miR-4769-3p,0,0,0,0,0,0,0
hsa-miR-5089-3p,0,0,0,0,0,0,0
hsa-miR-4423-5p,0,0,0,0,0,0,0
hsa-miR-6770-5p,0,0,0,0,0,0,0
hsa-miR-205-3p,0,0,0,0,0,0,0
hsa-miR-5008-3p,0,0,0,0,0,0,0
hsa-miR-5000-5p,0,0,0,0,0,0,0
hsa-miR-6805-3p,0,0,0,0,0,0,0
hsa-miR-4502,0,0,0,0,0,0,0
hsa-miR-3177-5p,0,0,0,0,0,0,0
hsa-miR-6782-3p,0,0,0,0,0,0,0
hsa-miR-4636,0,0,0,0,0,0,0
hsa-miR-3140-5p,0,0,0,0,0,0,0
hsa-miR-3612,0,0,0,0,0,0,0
hsa-miR-4635,0,0,0,0,0,0,0
hsa-miR-1305,0,0,0,0,0,0,0
hsa-miR-586,0,0,0,0,0,0,0
hsa-miR-3944-5p,0,0,0,0,0,0,0
hsa-miR-548i,0,0,0,0,0,0,0
hsa-miR-499b-3p,0,0,0,0,0,0,0
hsa-miR-6783-5p,0,0,0,0,0,0,0
hsa-miR-6834-5p,0,0,0,0,0,0,0
hsa-miR-937-5p,0,0,0,0,0,0,0
hsa-miR-6839-3p,0,0,0,0,0,0,0
hsa-mir-550b-1,0,0,0,0,0,0,0
hsa-miR-6795-3p,0,0,0,0,0,0,0
hsa-miR-588,0,0,0,0,0,0,0
hsa-miR-3145-5p,0,0,0,0,0,0,0
hsa-miR-3139,0,0,0,0,0,0,0
hsa-miR-7113-3p,0,0,0,0,0,0,0
hsa-miR-224-3p,0,0,0,0,0,0,0
hsa-miR-1914-3p,0,0,0,11,0,0,0
hsa-miR-6769b-3p,0,1,0,0,0,0,19
hsa-miR-6776-3p,0,0,0,0,0,0,0
hsa-miR-4777-5p,0,0,0,0,0,0,0
hsa-miR-3153,0,0,0,0,0,0,0
hsa-miR-3150a-3p,0,0,0,0,0,0,0
hsa-miR-6769a-3p,0,0,0,0,0,0,0
hsa-miR-5682,0,0,0,0,0,0,0
hsa-miR-95-5p,0,0,0,0,0,0,0
hsa-miR-6813-3p,0,0,0,0,0,0,0
hsa-miR-371b-3p,0,0,0,0,0,0,0
hsa-miR-3689a-5p|hsa-miR-3689b-5p|hsa-miR-3689e,0,0,0,0,0,0,0
hsa-miR-6756-3p,0,0,0,0,0,0,0
hsa-miR-4423-3p,0,0,0,0,0,0,0
hsa-miR-6815-5p,0,0,0,0,0,0,0
hsa-miR-3132,0,0,0,0,0,0,0
hsa-miR-6765-3p,0,0,0,0,0,0,0
hsa-miR-6831-5p,0,0,0,0,0,0,0
hsa-miR-4468,0,0,0,0,0,0,0
hsa-miR-4783-3p,0,0,0,0,0,0,0
hsa-miR-216a-3p,0,0,0,0,0,0,0
hsa-miR-1225-5p,0,0,0,0,0,0,0
hsa-miR-7975,0,0,0,0,0,0,0
hsa-miR-188-3p,0,0,0,0,0,0,0
hsa-miR-503-3p,0,0,0,0,0,0,0
hsa-miR-338-3p,0,0,0,0,0,0,0
hsa-miR-449b-5p,0,0,0,0,0,0,0
hsa-miR-4445-5p,0,0,0,0,0,0,0
hsa-miR-3936,0,0,0,0,0,0,0
hsa-miR-548ba,0,0,0,0,0,0,0
hsa-miR-4447,0,0,0,0,0,0,0
hsa-miR-6888-3p,0,0,0,0,0,0,0
hsa-miR-3137,0,0,0,0,0,0,0
hsa-miR-1296-3p,0,0,0,0,0,0,0
hsa-miR-3960,0,0,0,0,0,0,0
hsa-miR-4436b-5p,0,0,0,0,0,0,0
hsa-miR-6876-3p,0,0,0,0,0,0,0
hsa-miR-4695-5p,0,0,0,0,0,0,0
hsa-miR-6726-5p,0,0,0,0,0,0,0
hsa-miR-33b-5p,0,0,0,0,0,0,0
hsa-miR-29b-1-5p,0,0,0,0,0,0,0
hsa-miR-6858-3p,0,0,0,0,0,0,0
hsa-miR-4638-3p,0,0,0,0,0,0,0
hsa-miR-4492,0,0,0,0,0,0,0
hsa-miR-3680-3p,0,0,0,0,0,0,0
hsa-miR-6720-5p,0,0,0,0,0,0,0
hsa-miR-3191-5p,0,0,0,0,0,0,0
hsa-miR-6796-3p,0,0,0,0,0,0,0
hsa-miR-3136-5p,0,0,0,0,0,0,0
hsa-miR-449b-3p,0,0,0,0,0,0,0
hsa-miR-4751,0,0,0,0,0,0,0
hsa-miR-3680-5p,0,0,0,0,0,0,0
hsa-miR-3184-3p,0,0,0,0,0,0,0
hsa-miR-4804-5p,0,0,0,0,0,0,0
hsa-miR-6779-5p,0,0,0,0,0,0,0
hsa-miR-6510-5p,0,0,0,0,0,0,0
hsa-miR-7114-5p,0,0,0,0,0,0,0
hsa-miR-6759-5p,0,0,0,0,0,0,0
hsa-miR-3655,0,0,0,0,0,0,0
hsa-miR-584-3p,0,0,0,0,0,0,0
hsa-miR-5091,0,0,0,0,0,0,0
hsa-miR-4691-3p,0,0,0,0,0,0,0
hsa-miR-4655-5p,0,0,0,0,0,0,0
hsa-miR-4788,0,0,0,0,0,0,19
hsa-miR-3156-5p,0,0,0,0,0,0,0
hsa-mir-4658,0,0,0,0,0,0,0
hsa-miR-4679,0,0,0,0,0,0,0
hsa-miR-216b-5p,0,0,0,0,0,0,0
hsa-miR-219b-5p,0,0,0,0,0,0,0
hsa-miR-6886-3p,0,0,0,0,0,0,0
hsa-miR-147a,0,0,0,0,0,0,0
hsa-miR-3194-5p,0,0,0,0,0,0,0
hsa-miR-6867-5p,0,0,0,0,0,0,0
hsa-miR-876-5p,0,0,0,0,0,0,0
hsa-miR-5089-5p,0,0,0,0,0,0,0
hsa-miR-1343-5p,0,0,0,0,0,0,0
hsa-miR-4674,0,0,0,0,0,0,0
hsa-miR-6881-5p,0,0,0,0,0,0,0
hsa-miR-580-3p,0,0,0,0,0,0,0
hsa-miR-4442,0,0,0,0,0,0,0
hsa-miR-6733-3p,0,0,0,0,0,0,0
hsa-miR-548a-5p,0,0,0,0,0,0,0
hsa-miR-3648,0,0,0,0,0,0,0
hsa-miR-6849-5p,0,0,0,0,0,0,0
hsa-miR-449c-3p,0,0,0,0,0,0,0
hsa-miR-572,0,0,0,0,0,0,0
hsa-miR-6893-5p,0,0,0,0,0,0,0
hsa-miR-4642,0,0,0,0,0,0,0
hsa-miR-6824-3p,0,0,0,0,0,0,0
hsa-miR-4508,0,0,0,0,0,0,0
hsa-mir-30e,0,0,0,0,0,0,0
hsa-miR-4769-5p,0,0,0,0,0,0,0
hsa-miR-3663-5p,0,0,0,0,0,0,0
hsa-miR-4697-5p,0,0,0,0,0,0,0
hsa-miR-6746-5p,0,0,0,0,0,0,0
hsa-mir-103a-1,0,0,0,0,0,0,0
hsa-miR-128-2-5p,0,0,0,0,0,0,0
hsa-miR-4656,0,0,0,0,0,0,0
hsa-miR-6848-5p,0,0,0,0,0,0,0
hsa-miR-612,0,0,0,0,0,0,0
hsa-miR-4725-5p,0,0,0,0,0,0,0
hsa-miR-4782-5p,0,0,0,0,0,0,0
hsa-miR-3689b-3p|hsa-miR-3689c,0,0,0,0,0,0,0
hsa-miR-4758-5p,0,0,0,0,0,0,0
hsa-miR-6784-3p,0,0,0,0,0,0,0
hsa-miR-642a-5p,0,0,0,0,0,0,0
hsa-miR-585-3p,0,0,0,0,0,0,0
hsa-miR-6845-5p,0,0,0,0,0,0,0
hsa-miR-1273g-5p,0,0,0,0,0,0,0
hsa-miR-6732-3p,0,0,0,0,0,0,0
hsa-miR-4768-5p,0,0,0,0,0,0,0
hsa-miR-4731-5p,0,0,0,0,0,0,0
hsa-miR-4303,0,0,0,0,0,0,0
hsa-miR-6124,0,0,0,0,0,0,0
hsa-miR-499b-5p,0,0,0,0,0,0,0
hsa-miR-494-5p,0,0,0,0,0,0,0
hsa-miR-138-2-3p,0,0,0,0,0,0,0
hsa-miR-4445-3p,0,0,0,0,0,0,0
hsa-miR-4770,0,0,0,0,0,0,0
hsa-miR-6125,0,0,0,0,0,0,0
hsa-miR-6751-5p,0,0,0,0,0,0,0
hsa-miR-4321,0,0,0,0,0,0,0
hsa-miR-433-5p,0,0,0,0,0,0,0
hsa-miR-4291,0,0,0,0,0,0,0
hsa-miR-7847-3p,0,0,0,0,0,0,0
hsa-miR-376c-5p,0,0,0,0,0,0,0
hsa-miR-376b-5p,0,0,0,0,0,0,0
hsa-let-7a-2-3p,0,0,0,0,0,0,0
hsa-miR-8485,0,0,0,0,0,0,0
hsa-miR-876-3p,0,0,0,0,0,0,0
hsa-miR-6847-3p,0,0,0,0,0,0,0
hsa-miR-6794-3p,0,0,0,0,0,0,0
hsa-miR-219a-5p,0,0,0,0,0,0,0
hsa-miR-1229-5p,0,0,0,0,0,0,0
hsa-miR-3660,0,0,0,0,0,0,0
hsa-miR-6794-5p,0,0,0,0,0,0,0
hsa-miR-3657,0,0,0,0,0,0,0
hsa-miR-7108-3p,0,0,0,0,0,0,0
hsa-miR-6755-3p,0,0,0,0,0,0,0
hsa-miR-6766-3p,0,0,0,0,0,0,0
hsa-miR-6747-5p,0,0,0,0,0,0,0
hsa-miR-518a-5p|hsa-miR-527,0,0,0,0,0,0,0
hsa-miR-6734-3p,0,0,0,0,0,0,0
hsa-miR-6821-3p,0,0,0,0,0,0,0
hsa-miR-3171,0,0,0,0,0,0,0
hsa-miR-6856-5p,0,0,0,0,0,0,0
hsa-miR-6876-5p,0,0,0,0,0,0,0
hsa-miR-5584-3p,0,0,0,0,0,0,0
hsa-miR-122-3p,0,0,0,0,0,0,0
hsa-miR-5588-3p,0,0,0,0,0,0,0
hsa-mir-215,0,0,0,0,0,0,0
hsa-miR-548ag,0,0,0,0,0,0,0
hsa-miR-1183,0,0,0,0,0,0,0
hsa-miR-4772-3p,0,10,0,0,0,0,0
hsa-mir-141,0,0,0,0,0,0,0
hsa-miR-4684-5p,0,0,0,0,0,0,0
hsa-miR-6774-3p,0,0,0,0,0,0,0
hsa-miR-6791-5p,0,9,0,0,0,0,0
hsa-miR-6718-5p,0,0,0,0,0,0,0
hsa-miR-7846-3p,0,0,0,0,0,0,0
hsa-miR-4261,0,0,0,0,0,0,0
hsa-miR-5708,0,0,0,0,0,0,0
hsa-miR-875-3p,0,0,0,0,0,0,0
hsa-miR-5190,0,0,0,0,0,0,0
hsa-miR-8061,0,0,0,0,0,0,0
hsa-miR-4481,0,0,0,0,0,0,0
hsa-miR-508-5p,0,0,0,0,0,0,0
hsa-miR-4520-5p,0,0,0,0,0,0,0
hsa-miR-101-5p,0,0,0,0,0,0,0
hsa-miR-6758-5p,0,0,0,0,0,0,0
hsa-miR-3162-5p,0,0,0,0,0,0,0
hsa-miR-3684,0,0,0,0,0,0,0
hsa-miR-1292-3p,0,0,0,0,0,0,0
hsa-miR-3141,0,0,0,0,0,0,0
hsa-miR-3692-5p,0,0,0,0,0,0,0
hsa-miR-4458,0,0,0,0,0,0,0
hsa-miR-6735-3p,0,0,0,0,0,0,0
hsa-miR-6742-5p,0,0,0,0,0,0,0
hsa-miR-1913,0,0,0,0,0,0,0
hsa-miR-4747-3p,0,0,0,0,0,0,0
hsa-miR-4512,0,0,0,0,0,0,0
hsa-miR-1233-3p,0,0,0,0,0,0,0
hsa-miR-622,0,0,0,0,0,0,0
hsa-miR-7111-5p,0,0,0,0,0,0,0
hsa-miR-6784-5p,0,0,0,0,0,0,0
hsa-miR-3925-3p,0,0,0,0,0,0,0
hsa-mir-106b,0,0,0,0,0,0,0
hsa-miR-6882-3p,0,0,0,0,0,0,0
hsa-mir-24-1,0,0,0,0,0,0,0
hsa-miR-4678,0,0,0,0,0,0,0
hsa-miR-3187-5p,0,0,0,0,0,0,0
hsa-miR-153-3p,0,0,0,0,0,0,0
hsa-miR-4762-5p,0,0,0,0,0,0,0
hsa-miR-4740-5p,0,0,0,0,0,0,0
hsa-miR-181b-2-3p,0,0,0,5,0,0,0
hsa-mir-185,0,0,0,0,0,0,0
hsa-miR-4659a-5p,0,0,0,0,0,0,0
hsa-mir-4433b,0,0,0,0,0,0,0
hsa-miR-6818-5p,0,0,0,0,0,0,18
hsa-miR-410-5p,0,0,0,0,0,0,0
hsa-miR-550b-2-5p,0,0,0,0,0,0,0
hsa-miR-6507-5p,0,0,0,0,0,0,0
hsa-miR-6823-5p,0,0,0,0,0,0,0
hsa-miR-1909-5p,0,0,0,0,0,0,0
hsa-miR-376a-5p,0,0,0,0,0,0,0
hsa-miR-1537-5p,0,0,0,0,0,0,0
hsa-miR-6085,0,0,0,0,0,0,0
hsa-miR-6131,5,7,4,0,0,0,0
hsa-miR-7151-3p,0,0,0,0,0,0,0
hsa-miR-202-5p,0,0,0,0,0,0,0
hsa-miR-548an,0,0,0,0,0,0,0
hsa-miR-6715b-3p,0,0,0,0,0,0,0
hsa-miR-3157-5p,0,0,0,0,0,0,34
hsa-miR-4534,0,0,0,0,0,0,0
hsa-miR-3160-3p,0,0,0,0,0,0,0
hsa-mir-125b-1,0,0,0,0,0,0,0
hsa-miR-6870-3p,0,0,0,0,0,0,0
hsa-miR-3591-3p,0,0,0,0,0,0,0
hsa-miR-4476,0,0,0,0,0,0,0
hsa-miR-3144-5p,0,0,0,0,0,0,0
hsa-miR-4536-5p,0,0,0,0,0,0,0
hsa-mir-550b-2,0,0,0,0,0,0,0
hsa-miR-6864-5p,0,0,0,0,0,0,0
hsa-miR-7852-3p,0,0,0,0,0,0,0
hsa-miR-4637,0,0,0,0,0,0,0
hsa-miR-6503-5p,0,0,0,0,0,0,0
hsa-miR-3913-3p,0,0,0,0,0,0,0
hsa-miR-7702,0,0,0,0,0,0,0
hsa-miR-1295b-3p,0,0,0,0,0,0,0
hsa-miR-5192,0,0,0,0,0,0,0
hsa-miR-889-5p,0,0,0,0,0,0,0
hsa-miR-6756-5p,0,0,0,0,0,0,0
hsa-miR-4421,0,0,0,0,0,0,0
hsa-miR-665,0,0,0,6,0,0,0
hsa-miR-548w,0,0,0,6,0,0,0
hsa-miR-134-3p,0,0,0,5,0,0,0
hsa-miR-548ak,0,0,0,1,0,0,0
hsa-miR-3202,0,0,0,0,0,0,24
hsa-miR-3189-3p,0,0,0,0,0,0,9
hsa-miR-6788-5p,0,0,0,0,0,0,1
hsa-mir-548s,0,0,0,0,0,0,1
hsa-miR-552-5p,0,0,0,0,0,0,0
hsa-miR-4772-5p,0,0,0,0,0,0,0
hsa-miR-4680-3p,0,0,0,0,0,0,0
hsa-miR-4804-3p,0,0,0,0,0,0,0
hsa-miR-211-3p,0,0,0,0,0,0,0
hsa-miR-1537-3p,0,0,0,0,0,0,0
hsa-miR-4739,0,0,0,0,0,0,0
hsa-miR-4494,0,0,0,0,0,0,0
hsa-miR-5695,0,10,0,0,0,0,0
hsa-mir-128-1,0,0,0,0,0,0,0
hsa-miR-5187-3p,0,0,0,0,0,0,0
hsa-miR-6730-5p,0,0,0,0,0,0,0
hsa-miR-19a-5p,0,0,0,0,0,0,0
hsa-miR-6748-3p,0,0,0,0,0,0,0
hsa-miR-6889-3p,0,0,0,0,0,0,0
hsa-mir-125b-2,0,0,0,0,0,0,0
hsa-miR-4779,0,0,0,0,0,0,0
hsa-miR-4698,0,0,0,0,0,0,0
hsa-miR-4752,0,0,0,0,0,0,0
hsa-miR-4491,0,0,0,0,0,0,0
hsa-miR-328-5p,26,0,0,0,0,0,0
hsa-miR-6728-3p,0,0,0,0,0,0,0
hsa-miR-6829-5p,0,0,0,0,0,0,0
hsa-miR-3614-3p,0,0,0,0,0,0,0
hsa-miR-6878-3p,0,0,0,0,0,0,0
hsa-miR-655-3p,0,0,0,0,0,0,0
hsa-miR-412-3p,0,0,0,0,0,0,0
hsa-miR-5006-3p,0,0,0,0,0,0,0
hsa-miR-6804-3p,0,0,0,0,0,0,0
hsa-miR-323b-5p,0,0,0,0,0,0,0
hsa-miR-7855-5p,0,11,0,0,0,0,0
hsa-miR-4526,0,0,0,0,0,0,0
hsa-miR-548e-5p,0,0,0,0,0,0,0
hsa-miR-891a-5p,0,0,0,0,0,0,0
hsa-miR-4459,0,0,0,0,0,0,0
hsa-miR-1275,0,0,0,0,0,0,0
hsa-miR-6509-3p,0,0,0,0,0,0,0
hsa-miR-7162-3p,0,0,0,0,0,0,0
hsa-miR-6774-5p,0,0,0,0,0,0,0
hsa-miR-451b,9,0,0,0,0,0,0
hsa-miR-6846-5p,0,19,0,0,0,0,0
hsa-miR-4722-5p,0,19,0,0,0,0,0
hsa-miR-6782-5p,0,16,0,0,0,0,0
hsa-miR-548aq-5p,0,12,0,0,0,0,0
hsa-miR-4701-5p,0,0,31,0,0,0,0
hsa-miR-3677-5p,0,0,23,0,0,0,0
hsa-miR-5586-5p,0,0,16,0,0,0,0
hsa-miR-3618,0,0,14,0,0,0,0
hsa-miR-6731-5p,0,0,0,0,0,0,0
hsa-miR-3194-3p,0,0,0,0,0,0,0
hsa-miR-4257,0,0,0,0,0,0,0
hsa-miR-548aj-3p,0,0,0,0,0,0,0
hsa-miR-6765-5p,0,0,0,0,0,0,0
hsa-miR-4505,0,0,0,0,0,0,0
hsa-miR-580-5p,0,0,0,0,0,0,0
hsa-mir-24-2,0,0,0,0,0,0,0
hsa-miR-3180-3p,0,0,0,0,0,0,0
hsa-mir-4433a,0,0,0,0,0,0,0
hsa-miR-4301,0,0,0,0,0,0,0
hsa-miR-6809-3p,0,0,0,0,0,0,0
hsa-miR-1302,0,0,0,0,0,0,0
hsa-mir-1255a,0,0,0,0,0,0,0
hsa-miR-656-5p,0,0,0,0,0,0,0
hsa-miR-5006-5p,0,0,0,0,0,0,0
hsa-miR-7703,0,0,0,0,0,0,0
hsa-miR-4670-5p,0,0,0,0,0,0,0
hsa-miR-6732-5p,0,0,0,0,0,0,0
hsa-miR-300,0,0,0,0,0,0,0
hsa-miR-3683,0,0,0,0,0,0,0
hsa-miR-380-3p,0,0,0,0,0,0,0
hsa-miR-6762-5p,0,0,0,0,0,0,0
hsa-miR-6874-5p,0,0,0,0,0,0,0
hsa-mir-146a,0,0,0,0,0,0,0
hsa-miR-6884-3p,0,0,0,0,0,0,0
hsa-let-7a-3,0,0,0,0,0,0,0
hsa-miR-7107-5p,0,0,0,0,0,0,0
hsa-miR-6835-5p,0,0,0,0,0,0,0
hsa-miR-6511a-5p,0,0,0,0,0,0,0
hsa-miR-4464,0,0,0,0,0,0,0
hsa-miR-548al,0,0,0,0,0,0,0
hsa-miR-3155a,0,0,0,0,0,0,0
hsa-mir-642b,0,0,0,0,0,0,0
hsa-miR-4753-5p,0,0,0,0,0,0,0
hsa-miR-4273,0,0,0,0,0,0,0
hsa-miR-7705,0,0,0,0,0,0,0
hsa-miR-7845-5p,0,0,0,0,0,0,0
hsa-miR-4681,0,0,0,0,0,0,0
hsa-miR-4757-3p,0,0,0,0,0,0,0
hsa-miR-5100,0,0,0,0,0,0,0
hsa-miR-548ax,0,0,0,0,0,0,0
hsa-miR-4649-5p,0,0,0,0,0,0,0
hsa-miR-4314,0,0,0,0,0,0,0
hsa-let-7a-2,0,0,0,0,0,0,0
hsa-miR-5591-5p,0,0,0,0,0,0,0
hsa-miR-6749-5p,0,0,0,0,0,0,0
hsa-miR-5680,0,0,0,0,0,0,0
hsa-miR-3126-3p,0,0,0,0,0,0,0
hsa-miR-1273f,0,0,0,0,0,0,0
hsa-miR-1233-5p,0,0,0,0,0,0,0
hsa-miR-4776-5p,0,0,0,0,0,0,0
hsa-miR-6863,0,0,0,0,0,0,0
hsa-miR-4472,0,0,0,0,0,0,0
hsa-miR-3616-5p,0,0,0,0,0,0,0
hsa-miR-514b-3p,0,0,0,0,0,0,0
hsa-miR-6827-3p,0,0,0,0,0,0,0
hsa-miR-888-5p,0,0,0,0,0,0,0
hsa-miR-4430,0,0,0,0,0,0,0
hsa-miR-1179,0,0,0,0,0,0,0
hsa-miR-514a-5p,0,0,0,0,0,0,0